反馈时间,启用月,单号,用途,台机编号,机型号,产品型号,出厂日,出厂日乱,启用日,里程,汽车类别,维修时间,录入日期,部件结构码,故障部件,父结构码,父件说明,故障代码,故障件号,物料号,故障件,BOM物料号,厂家号,厂家名称,处理方式,故障类别代,故障现象代,现象,故障原因代,故障模式代,模式,初步分析,故障原因,故障摘要,责任单位,数量,责任值,excel_row,reason,f_days,s_days,fail_time,mileage_val
101,,S3300101062,车机,430D0100811,430D,YC6108ZQ,,,,0,货,10121,,,,2200,,31922001B400,2200,,喷油泵,,043006,,更换总成,,,振动,,,油量过高,喷油泵油量过高,,,供应,1,0.0,9,日期缺失或格式错误,416,,,0
102,101.0,S1940102001,车机,B3202000008,B3202,YC6108ZQ,1225.0,,10120.0,0,客,10227,,,,2200,,31122001B700,2200,,喷油泵,,011001,,更换总成,,,工作不良,,,烟大,喷油泵烟大,,,供应,1,0.0,32,0里程或0天失效,452,415.0,37.0,0
102,102.0,S3360102005,车机,4300101178,430,YC6108ZQ,10207.0,,10207.0,0,货,10213,,,,2200,,37322001A400,2200,,喷油泵,,043006,,更换总成,,,起动困难,,,拉不起马,喷油泵拉不起马力,,,一发,1,0.0,42,0里程或0天失效,438,432.0,6.0,0
103,,S3300103219,车机,430D100793,430D,YC6108ZQ,,,,0,货,10330,,,,2200,,311220018200,2200,,喷油泵,,043006,,更换总成,,,工作不良,,,油量不均,喷油泵油量不均,,,供应,1,0.0,48,日期缺失或格式错误,485,,,0
103,,S1390103010,车机,430F0100047,430F,YC6108ZQ,,,,48000,货,10302,,,,2200,,316220010600,2200,,喷油泵,,043006,,修复,,,油耗高,,,调整不当,油泵二缸供油角度差三度,,,供应,1,0.0,57,日期缺失或格式错误,457,,,48000
103,,S1940103009,车机,B3203100002,B3203,YC6108ZQ,,,,0,客,10317,,,,2200,,31122001A100,2200,,喷油泵,,032017,,更换总成,,,工作不良,,,飞车,喷油泵飞车,,,供应,1,0.0,58,日期缺失或格式错误,472,,,0
103,,S1940103010,车机,B3203100004,B3203,YC6108ZQ,,,,0,客,10317,,,,2200,,31122001A100,2200,,喷油泵,,032017,,更换总成,,,工作不良,,,飞车,喷油泵飞车,,,供应,1,0.0,61,日期缺失或格式错误,472,,,0
103,103.0,S1940103004,车机,B3203100001,B3203,YC6108ZQ,10308.0,,10308.0,0,客,10317,,,,2200,,31122001A100,2200,,喷油泵,,032017,,更换总成,,,工作不良,,,飞车,喷油泵飞车,,,供应,1,0.0,62,0里程或0天失效,472,463.0,9.0,0
103,12.0,S2030103009,车机,B3002000005,B3002,YC6108ZQ,1215.0,,1227.0,0,客,10319,,,,2200,,31122001A500,2200,,喷油泵,,011001,,更换总成,,,工作不良,,,游车,喷油泵游车,,,供应,1,0.0,70,0里程或0天失效,474,387.0,87.0,0
103,12.0,S2030103003,车机,B3002000005,B3002,YC6108ZQ,1215.0,,1227.0,0,客,10312,,,,2200,,31122001A500,2200,,喷油泵,,011001,,修复,,,工作不良,,,游车,喷油泵游车,,,供应,1,0.0,73,0里程或0天失效,467,387.0,80.0,0
104,4.0,S0310104004,车机,B3101100651,B3101,YC6108ZQ,10426.0,,10426.0,2479,货,10426,,,,2200,,201220015700,2200,,喷油泵,,043006,,更换总成,,,漏油,,,弹力不足,喷油泵柱塞座处凹陷一块,,,供应,1,0.0,90,0里程或0天失效,511,511.0,0.0,2479
104,,S2070104004,车机,B3101100471,B3101,YC6108ZQ,,,,427,货,10416,,,,2200,,31122001A400,2200,,喷油泵,,043006,,更换总成,,,工作不良,,,拉不起马,喷油泵调整弹簧变形拉不起马力,,,供应,1,0.0,94,日期缺失或格式错误,501,,,427
105,,S1970105035,车机,B3204100066,B3204,YC6108ZQ,,,,5,客,10529,,,,2200,,312220010600,2200,,喷油泵,,011001,,修复,,,机无力,,,调整不当,喷油泵调整不当,,,一发,1,0.0,134,日期缺失或格式错误,544,,,5
106,7.0,S1970106003,车机,B3204100015,B3204,YC6108ZQ,20730.0,,20730.0,20,客,10603,,,,2200,,312220018200,2200,,喷油泵,,011001,,修复,,,机无力,,,油量不均,喷油泵油量不均,,,一发,1,0.0,188,逻辑错误(维修早于启用),548,970.0,-422.0,20
107,7.0,S1650107018,车机,B3403100176,B3403,YC6108ZQ,10723.0,,10723.0,17,货,10723,,,,2200,,41522001B4,2200,,喷油泵,,043006,,修复,,,烟大,,,油量过高,喷油泵油量过高,,,供应,1,0.0,221,0里程或0天失效,598,598.0,0.0,17
109,,S4860109127,车机,B3222100074,B3222,YC6108ZQ,,,,0,货,10919,,,,2200,,473220010600,2200,,喷油泵,,032017,,修复,,,起动困难,,,调整不当,油泵起动油量调整偏小，现场校,,,一发,1,0.0,338,日期缺失或格式错误,654,,,0
109,8.0,S4860109111,车机,B3222100073,B3222,YC6108ZQ,10809.0,,10809.0,0,货,10916,,,,2200,,473220010600,2200,,喷油泵,,032017,,修复,,,起动困难,,,调整不当,油泵起动油量调整过小现场调好,,,一发,1,0.0,340,0里程或0天失效,651,614.0,37.0,0
109,8.0,S4860109110,车机,B3222100076,B3222,YC6108ZQ,10809.0,,10809.0,0,货,10916,,,,2200,,4092200106,2200,,喷油泵,,032017,,修复,,,游车,,,调整不当,油泵调速不当游车,,,供应,1,0.0,344,0里程或0天失效,651,614.0,37.0,0
110,10.0,S0210110016,车机,B3204100412,B3204,YC6108ZQ,10813.0,,11017.0,326,客,11017,,,,2200,,373220010000,2200,,喷油泵,,043006,,更换总成,,,起动困难,,,故障不清,油泵不来油起动困难,,,供应,1,0.0,373,0里程或0天失效,682,682.0,0.0,326
111,,S3300111250,车机,B3403101438,B3403,YC6108ZQ,,,,0,货,11129,,,,2200,,30822001B400,2200,,喷油泵,,011001,,更换总成,,,异响,,,油量过高,油泵第六缸供油量过大,,,供应,1,0.0,383,日期缺失或格式错误,724,,,0
111,,S3300111027,车机,B3403101251,B3403,YC6108ZQ,,,,0,货,11107,,,,2200,,30822001B400,2200,,喷油泵,,043006,,修复,,,异响,,,油量过高,高压油泵第一缸供油量过大,,,供应,1,0.0,390,日期缺失或格式错误,702,,,0
112,12.0,S5080112010,车机,470E101081,470E,YC6108ZQ,11212.0,,11212.0,0,货,11222,,,,2200,,37522001B300,2200,,喷油泵,,043006,,更换总成,,,自动熄火,,,油量过低,油泵供油量过小,,,供应,1,0.0,446,0里程或0天失效,747,737.0,10.0,0
201,12.0,S3300201082,车机,470E101118,470E,YC6108ZQ,11216.0,,11225.0,0,货,20122,,,,2200,,30822001B400,2200,,喷油泵,,043006,,更换总成,,,异响,,,油量过高,高压油泵第三缸供油量过大,,,供应,1,0.0,469,0里程或0天失效,782,750.0,32.0,0
204,12.0,S2160204012,车机,B3222100113,B3222,YC6108ZQ,11204.0,,11204.0,0,货,20422,,,,2200,,375220010600,2200,,喷油泵,,043006,,更换总成,,,自动熄火,,,调整不当,发动机加速回怠速时自行熄火,,,供应,1,0.0,587,0里程或0天失效,872,729.0,143.0,0
204,12.0,S2160204013,车机,B3222100110,B3222,YC6108ZQ,11204.0,,11204.0,0,货,20422,,,,2200,,375220010600,2200,,喷油泵,,043006,,更换总成,,,自动熄火,,,调整不当,发动机加速回怠速时自行熄火,,,供应,1,0.0,588,0里程或0天失效,872,729.0,143.0,0
204,12.0,S2160204009,车机,B3222100176,B3222,YC6108ZQ,11219.0,,11219.0,0,货,20422,,,,2200,,375220010600,2200,,喷油泵,,043006,,更换总成,,,自动熄火,,,调整不当,发动机加速回怠速时自行熄火,,,供应,1,0.0,592,0里程或0天失效,872,744.0,128.0,0
204,12.0,S2160204010,车机,B3222100176,B3222,YC6108ZQ,11219.0,,11219.0,0,货,20422,,,,2200,,375220010600,2200,,喷油泵,,043006,,更换总成,,,自动熄火,,,调整不当,发动机加速回怠速时自行熄火,,,供应,1,0.0,594,0里程或0天失效,872,744.0,128.0,0
204,12.0,S2160204011,车机,B3222100125,B3222,YC6108ZQ,11204.0,,11204.0,0,货,20422,,,,2200,,375220010600,2200,,喷油泵,,043006,,更换总成,,,自动熄火,,,调整不当,发动机加速回怠速时自行熄火,,,供应,1,0.0,602,0里程或0天失效,872,729.0,143.0,0
204,203.0,S4740204013,车机,B3302200012,B3302,YC6108ZQ,20110.0,,20312.0,0,客,20417,,,,2200,,312220018200,2200,,喷油泵,,032017,,修复,,,机无力,,,油量不均,喷油泵油量调整不当,,,供应,1,0.0,604,0里程或0天失效,867,832.0,35.0,0
204,12.0,S2160204008,车机,B3222100169,B3222,YC6108ZQ,11216.0,,11216.0,0,货,20422,,,,2200,,375220010600,2200,,喷油泵,,043006,,更换总成,,,自动熄火,,,调整不当,发动机加速回怠速时自行熄火,,,供应,1,0.0,610,0里程或0天失效,872,741.0,131.0,0
205,205.0,S5080205022,车机,470E104435,470E,YC6108ZQ,20507.0,,20521.0,0,货,20519,,,,2200,,37322001B300,2200,,喷油泵,,011001,,更换总成,,,起动困难,,,油量过低,汽车厂装车时油泵起动油量过,,,供应,1,0.0,672,0里程或0天失效,899,901.0,363.0,0
207,205.0,S5280207038,车机,B3214200084,B3214,YC6108ZQ,20521.0,,20521.0,0,客,20718,,,,2200,,30022001B500,2200,,喷油泵,,032017,,换件,,,现象不明,,,整改更换,整机更换,,,不考,1,0.0,753,0里程或0天失效,958,901.0,57.0,0
207,207.0,S5280207037,车机,B3214200089,B3214,YC6108ZQ,20521.0,,20723.0,0,客,20718,,,,2200,,30022001B500,2200,,喷油泵,,032017,,换件,,,现象不明,,,整改更换,整机更换,,,不考,1,0.0,759,0里程或0天失效,958,963.0,360.0,0
207,206.0,S5280207036,车机,B3214200078,B3214,YC6108ZQ,20520.0,,20615.0,0,客,20718,,,,2200,,30022001B500,2200,,喷油泵,,032017,,换件,,,现象不明,,,整改更换,整机更换,,,不考,1,0.0,769,0里程或0天失效,958,925.0,33.0,0
207,205.0,S5280207035,车机,B3214200075,B3214,YC6108ZQ,20520.0,,20520.0,0,客,20718,,,,2200,,30022001B500,2200,,喷油泵,,032017,,换件,,,现象不明,,,整改更换,整机更换,,,不考,1,0.0,770,0里程或0天失效,958,900.0,58.0,0
207,6.0,S0480207014,车机,B3402100202,B3402,YC6108ZQ,10611.0,,10611.0,0,货,20710,,,,2200,,309220015800,2200,,喷油泵,,043006,,更换总成,,,游车,,,失灵,发动机中速游车,,,供应,1,0.0,774,0里程或0天失效,950,556.0,394.0,0
207,205.0,S5280207034,车机,B3214200095,B3214,YC6108ZQ,20521.0,,20521.0,0,客,20718,,,,2200,,30022001B500,2200,,喷油泵,,032017,,换件,,,现象不明,,,整改更换,整机更换,,,不考,1,0.0,783,0里程或0天失效,958,901.0,57.0,0
207,205.0,S5280207033,车机,B3214200091,B3214,YC6108ZQ,20521.0,,20521.0,0,客,20718,,,,2200,,30022001B500,2200,,喷油泵,,032017,,换件,,,现象不明,,,整改更换,整机更换,,,不考,1,0.0,784,0里程或0天失效,958,901.0,57.0,0
207,207.0,S5280207032,车机,B3214200092,B3214,YC6108ZQ,20521.0,,20701.0,0,客,20718,,,,2200,,30022001B500,2200,,喷油泵,,032017,,换件,,,现象不明,,,整改更换,整机更改,,,不考,1,0.0,785,0里程或0天失效,958,941.0,17.0,0
207,207.0,S5280207031,车机,B3214200097,B3214,YC6108ZQ,20521.0,,20722.0,0,客,20718,,,,2200,,30022001B500,2200,,喷油泵,,032017,,换件,,,现象不明,,,整改更换,整机更换,,,不考,1,0.0,786,0里程或0天失效,958,962.0,361.0,0
208,208.0,S3300208143,车机,B3221201076,B3221,YC6108ZQ,20801.0,,20823.0,0,货,20821,,,,2200,,30822001B400,2200,,喷油泵,,032017,,修复,,,异响,,,油量过高,油泵第1缸供油量过大,,,供应,1,0.0,876,0里程或0天失效,991,993.0,363.0,0
208,207.0,S4160208049,车机,B3302200019,B3302,YC6108ZQ,20223.0,,20701.0,0,客,20827,,,,2200,,373220010000,2200,,喷油泵,,032017,,更换总成,,,起动困难,,,故障不清,汽车厂调试起动困难，换泵处,,,供应,1,0.0,943,0里程或0天失效,997,941.0,56.0,0
209,11.0,S4380209008,车机,430D0100371,430D,YC6108ZQ,526.0,,1110.0,0,货,20930,,,,2200,,30922001A500,2200,,喷油泵,,043006,,更换总成,,,游车,,,游车,油泵低速游车,,,供应,1,0.0,953,0里程或0天失效,1030,340.0,690.0,0
209,209.0,S4860209119,车机,B3214200249,B3214,YC6108ZQ,20822.0,,20901.0,0,客,20918,,,,2200,,30922001A500,2200,,喷油泵,,043006,,更换总成,,,游车,,,游车,油泵游车,,,供应,1,0.0,1005,0里程或0天失效,1018,1001.0,17.0,0
210,12.0,S2030210050,车机,B3002000013,B3002,YC6108ZQ,1215.0,,1227.0,0,客,21024,,,,2200,,31122001B500,2200,,喷油泵,,011001,,换相关件,,,工作不良,,,整改更换,整改高压油泵等  （里程表已,,,不考,1,0.0,1012,0里程或0天失效,1054,387.0,667.0,0
210,12.0,S2030210040,车机,B3002000020,B3002,YC6108ZQ,1215.0,,1227.0,0,客,21021,,,,2200,,31122001B500,2200,,喷油泵,,011001,,换相关件,,,工作不良,,,整改更换,整改高压油泵等  （里程表已,,,不考,1,0.0,1013,0里程或0天失效,1051,387.0,664.0,0
210,12.0,S2030210054,车机,B3002000001,B3002,YC6108ZQ,1215.0,,1227.0,0,客,21025,,,,2200,,31122001B500,2200,,喷油泵,,011001,,换相关件,,,工作不良,,,整改更换,整改高压油泵等  （里程表已,,,不考,1,0.0,1014,0里程或0天失效,1055,387.0,668.0,0
210,12.0,S2030210061,车机,B3002000010,B3002,YC6108ZQ,1215.0,,1227.0,0,客,21027,,,,2200,,31122001B500,2200,,喷油泵,,011001,,换相关件,,,工作不良,,,整改更换,整改高压油泵等  （里程表已,,,不考,1,0.0,1015,0里程或0天失效,1057,387.0,670.0,0
210,12.0,S2030210049,车机,B3002000023,B3002,YC6108ZQ,1215.0,,1227.0,0,客,21024,,,,2200,,31122001B500,2200,,喷油泵,,011001,,换相关件,,,工作不良,,,整改更换,整改高压油泵等  （里程表已,,,不考,1,0.0,1016,0里程或0天失效,1054,387.0,667.0,0
210,101.0,S2030210051,车机,B3002000024,B3002,YC6108ZQ,1215.0,,10101.0,0,客,21024,,,,2200,,31122001B500,2200,,喷油泵,,011001,,换相关件,,,工作不良,,,整改更换,整改高压油泵等  （里程表已,,,不考,1,0.0,1017,0里程或0天失效,1054,396.0,658.0,0
210,12.0,S2030210052,车机,B3002000022,B3002,YC6108ZQ,1215.0,,1227.0,0,客,21024,,,,2200,,31122001B500,2200,,喷油泵,,011001,,换相关件,,,工作不良,,,整改更换,整改高压油泵等  （里程表已,,,不考,1,0.0,1018,0里程或0天失效,1054,387.0,667.0,0
210,12.0,S2030210041,车机,B3002000016,B3002,YC6108ZQ,1215.0,,1227.0,0,客,21021,,,,2200,,31122001B500,2200,,喷油泵,,011001,,换相关件,,,工作不良,,,整改更换,整改高压油泵等  （里程表已,,,不考,1,0.0,1019,0里程或0天失效,1051,387.0,664.0,0
210,12.0,S2030210066,车机,B3002000015,B3002,YC6108ZQ,1215.0,,1227.0,0,客,21029,,,,2200,,31122001B500,2200,,喷油泵,,011001,,换相关件,,,工作不良,,,整改更换,整改油泵、补偿管,,,不考,1,0.0,1021,0里程或0天失效,1059,387.0,672.0,0
210,12.0,S2030210053,车机,B3002000030,B3002,YC6108ZQ,1215.0,,1227.0,0,客,21025,,,,2200,,31122001B500,2200,,喷油泵,,011001,,换相关件,,,工作不良,,,整改更换,整改高压油泵等  （里程表已,,,不考,1,0.0,1022,0里程或0天失效,1055,387.0,668.0,0
210,12.0,S2030210042,车机,B3002000019,B3002,YC6108ZQ,1215.0,,1227.0,0,客,21022,,,,2200,,31122001B500,2200,,喷油泵,,011001,,换相关件,,,工作不良,,,整改更换,整改高压油泵等  （里程表已,,,不考,1,0.0,1023,0里程或0天失效,1052,387.0,665.0,0
210,12.0,S2030210043,车机,B3002000008,B3002,YC6108ZQ,1215.0,,1227.0,0,客,21022,,,,2200,,31122001B500,2200,,喷油泵,,011001,,换相关件,,,工作不良,,,整改更换,整改高压油泵等  （里程表已,,,不考,1,0.0,1024,0里程或0天失效,1052,387.0,665.0,0
210,12.0,S2030210045,车机,B3002000009,B3002,YC6108ZQ,1215.0,,1227.0,0,客,21022,,,,2200,,31122001B500,2200,,喷油泵,,011001,,换相关件,,,工作不良,,,整改更换,整改高压油泵等  （里程表已,,,不考,1,0.0,1025,0里程或0天失效,1052,387.0,665.0,0
210,12.0,S2030210044,车机,B3002000017,B3002,YC6108ZQ,1215.0,,1227.0,0,客,21022,,,,2200,,31122001B500,2200,,喷油泵,,011001,,换相关件,,,工作不良,,,整改更换,整改高压油泵等  （里程表已,,,不考,1,0.0,1026,0里程或0天失效,1052,387.0,665.0,0
210,12.0,S2030210046,车机,B3002000012,B3002,YC6108ZQ,1215.0,,1227.0,0,客,21023,,,,2200,,31122001B500,2200,,喷油泵,,011001,,换相关件,,,工作不良,,,整改更换,整改高压油泵等  （里程表已,,,不考,1,0.0,1027,0里程或0天失效,1053,387.0,666.0,0
210,101.0,S2030210048,车机,B3002000026,B3002,YC6108ZQ,1215.0,,10118.0,0,客,21024,,,,2200,,31122001B500,2200,,喷油泵,,011001,,换相关件,,,工作不良,,,整改更换,整改高压油泵等  （里程表已,,,不考,1,0.0,1028,0里程或0天失效,1054,413.0,641.0,0
210,102.0,S2030210055,车机,B3002100003,B3002,YC6108ZQ,10227.0,,10227.0,0,客,21026,,,,2200,,31122001B500,2200,,喷油泵,,032017,,换相关件,,,工作不良,,,整改更换,整改高压油泵等  （里程表已,,,不考,1,0.0,1031,0里程或0天失效,1056,452.0,604.0,0
210,102.0,S2030210060,车机,B3002100001,B3002,YC6108ZQ,10205.0,,10205.0,0,客,21027,,,,2200,,31122001B500,2200,,喷油泵,,011001,,换相关件,,,工作不良,,,整改更换,整改高压油泵等  （里程表已,,,不考,1,0.0,1032,0里程或0天失效,1057,430.0,627.0,0
210,12.0,S2030210065,车机,B3002000002,B3002,YC6108ZQ,1214.0,,1227.0,0,客,21029,,,,2200,,31122001B500,2200,,喷油泵,,011001,,换相关件,,,工作不良,,,整改更换,整改高压油泵、补偿管,,,不考,1,0.0,1033,0里程或0天失效,1059,387.0,672.0,0
210,12.0,S2030210047,车机,B3002000007,B3002,YC6108ZQ,1215.0,,1227.0,0,客,21024,,,,2200,,31122001B500,2200,,喷油泵,,011001,,换相关件,,,工作不良,,,整改更换,整改高压油泵等  （里程表已,,,不考,1,0.0,1034,0里程或0天失效,1054,387.0,667.0,0
210,209.0,S4860210050,车机,B3214200313,B3214,YC6108ZQ,20907.0,,20907.0,0,客,21012,,,,2200,,30022001B600,2200,,喷油泵,,032017,,更换总成,,,现象不明,,,通知更换,通知更换喷油泵总成,,,不考,1,0.0,1035,0里程或0天失效,1042,1007.0,35.0,0
210,209.0,S4860210055,车机,B3214200362,B3214,YC6108ZQ,20909.0,,20909.0,0,客,21012,,,,2200,,30022001B600,2200,,喷油泵,,032017,,更换总成,,,现象不明,,,通知更换,通知更换喷油泵总成,,,不考,1,0.0,1036,0里程或0天失效,1042,1009.0,33.0,0
210,209.0,S4860210056,车机,B3214200366,B3214,YC6108ZQ,20909.0,,20909.0,0,客,21012,,,,2200,,30022001B600,2200,,喷油泵,,032017,,更换总成,,,现象不明,,,通知更换,通知更换喷油泵总成,,,不考,1,0.0,1040,0里程或0天失效,1042,1009.0,33.0,0
210,209.0,S4860210049,车机,B3214200310,B3214,YC6108ZQ,20907.0,,20907.0,0,客,21012,,,,2200,,30022001B600,2200,,喷油泵,,032017,,更换总成,,,现象不明,,,通知更换,通知更换喷油泵总成,,,不考,1,0.0,1042,0里程或0天失效,1042,1007.0,35.0,0
210,209.0,S4860210051,车机,B3214200316,B3214,YC6108ZQ,20907.0,,20907.0,0,客,21012,,,,2200,,30022001B600,2200,,喷油泵,,032017,,更换总成,,,现象不明,,,通知更换,通知更换喷油泵总成,,,不考,1,0.0,1044,0里程或0天失效,1042,1007.0,35.0,0
210,209.0,S4860210044,车机,B3214200337,B3214,YC6108ZQ,20910.0,,20910.0,0,客,21011,,,,2200,,30022001B600,2200,,喷油泵,,032017,,更换总成,,,现象不明,,,通知更换,通知更换喷油泵总成,,,不考,1,0.0,1047,0里程或0天失效,1041,1010.0,31.0,0
210,209.0,S4860210045,车机,B3214200361,B3214,YC6108ZQ,20909.0,,20909.0,0,客,21011,,,,2200,,30022001B600,2200,,喷油泵,,032017,,更换总成,,,现象不明,,,通知更换,通知更换喷油泵总成,,,不考,1,0.0,1048,0里程或0天失效,1041,1009.0,32.0,0
210,209.0,S4860210048,车机,B3214200344,B3214,YC6108ZQ,20909.0,,20909.0,0,客,21012,,,,2200,,30022001B600,2200,,喷油泵,,032017,,更换总成,,,现象不明,,,通知更换,通知更换喷油泵总成,,,不考,1,0.0,1050,0里程或0天失效,1042,1009.0,33.0,0
210,210.0,S4860210037,车机,B3210200350,B3210,YC6108ZQ,20825.0,,21010.0,0,客,21010,,,,2200,,473220010600,2200,,喷油泵,,043006,,修复,,,起动困难,,,调整不当,油泵冒烟限制器调整不当,,,供应,1,0.0,1052,0里程或0天失效,1040,1040.0,0.0,0
210,209.0,S4860210052,车机,B3214200360,B3214,YC6108ZQ,20911.0,,20911.0,0,客,21012,,,,2200,,30022001B600,2200,,喷油泵,,032017,,更换总成,,,现象不明,,,通知更换,通知更换喷油泵总成,,,不考,1,0.0,1053,0里程或0天失效,1042,1011.0,31.0,0
210,209.0,S4860210053,车机,B3214200365,B3214,YC6108ZQ,20909.0,,20909.0,0,客,21012,,,,2200,,30022001B600,2200,,喷油泵,,032017,,更换总成,,,现象不明,,,通知更换,通知更换喷油泵总成,,,不考,1,0.0,1054,0里程或0天失效,1042,1009.0,33.0,0
210,209.0,S4860210054,车机,B3214200314,B3214,YC6108ZQ,20907.0,,20907.0,0,客,21012,,,,2200,,30022001B600,2200,,喷油泵,,032017,,更换总成,,,现象不明,,,通知更换,通知更换喷油泵总成,,,不考,1,0.0,1057,0里程或0天失效,1042,1007.0,35.0,0
210,209.0,S4860210043,车机,B3214200332,B3214,YC6108ZQ,20908.0,,20908.0,0,客,21011,,,,2200,,30022001B600,2200,,喷油泵,,032017,,更换总成,,,现象不明,,,通知更换,通知更换喷油泵总成,,,不考,1,0.0,1066,0里程或0天失效,1041,1008.0,33.0,0
210,209.0,S4860210042,车机,B3214200328,B3214,YC6108ZQ,20908.0,,20908.0,0,客,21011,,,,2200,,30022001B600,2200,,喷油泵,,032017,,更换总成,,,现象不明,,,通知更换,通知更换喷油泵总成,,,不考,1,0.0,1072,0里程或0天失效,1041,1008.0,33.0,0
210,12.0,S2030210056,车机,B3002000005,B3002,YC6108ZQ,1215.0,,1227.0,0,客,21026,,,,2200,,31122001B500,2200,,喷油泵,,011001,,换相关件,,,工作不良,,,整改更换,整改高压油泵等  （里程表已,,,不考,1,0.0,1082,0里程或0天失效,1056,387.0,669.0,0
210,12.0,S2030210057,车机,B3002000014,B3002,YC6108ZQ,1215.0,,1227.0,0,客,21026,,,,2200,,31122001B500,2200,,喷油泵,,011001,,换相关件,,,工作不良,,,整改更换,整改高压油泵等  （里程表已,,,不考,1,0.0,1083,0里程或0天失效,1056,387.0,669.0,0
210,12.0,S2030210058,车机,B3002000003,B3002,YC6108ZQ,1214.0,,1227.0,0,客,21026,,,,2200,,31122001B500,2200,,喷油泵,,011001,,换相关件,,,工作不良,,,整改更换,整改高压油泵等  （里程表已,,,不考,1,0.0,1084,0里程或0天失效,1056,387.0,669.0,0
210,12.0,S2030210059,车机,B3002000025,B3002,YC6108ZQ,1215.0,,1227.0,0,客,21026,,,,2200,,31122001B500,2200,,喷油泵,,011001,,换相关件,,,工作不良,,,整改更换,整改高压油泵等  （里程表已,,,不考,1,0.0,1085,0里程或0天失效,1056,387.0,669.0,0
210,12.0,S2030210063,车机,B3002000004,B3002,YC6108ZQ,1215.0,,1227.0,0,客,21028,,,,2200,,31122001B500,2200,,喷油泵,,011001,,换相关件,,,工作不良,,,整改更换,整改高压油泵等  （里程表已,,,不考,1,0.0,1090,0里程或0天失效,1058,387.0,671.0,0
211,210.0,S4860211034,车机,B3309200204,B3309,YC6108ZQ,21015.0,,21015.0,0,货,21108,,,,2200,喷油泵,309220015800,2200,,喷油泵,,043006,,更换总成,,,游车,,,失灵,油泵失灵,,,供应,1,0.0,1106,0里程或0天失效,1068,1045.0,23.0,0
211,206.0,S5070211019,车机,B3409102375,B3409,YC6108ZQ,20617.0,,20617.0,0,货,21121,,,,2200,喷油泵,401220013300,2200,,喷油泵,,043006,,修复,,,漏油,,,密封不严,轴固定螺栓处漏机油,,,供应,1,0.0,1129,0里程或0天失效,1081,927.0,154.0,0
212,209.0,SW410212014,车机,B3221201657,B3221,YC6108ZQ,20902.0,,20927.0,0,货,21226,,,,2200,喷油泵,373220012000,2200,,喷油泵,,032017,,修复,,,起动困难,,,卡死,高压油泵卡,,,供应,1,0.0,1192,0里程或0天失效,1116,1027.0,89.0,0
301,212.0,S1560301041,车机,B3239200114,B3239,YC6108ZQ,21212.0,,21212.0,0,客,30116,,,,2200,喷油泵,311220010600,2200,,喷油泵,,043006,,修复,,,工作不良,,,调整不当,高压油泵起动油量太低,,,供应,1,0.0,1223,0里程或0天失效,1141,1102.0,39.0,0
301,210.0,S5770301009,车机,B3204200591,B3204,YC6108ZQ,21022.0,,21022.0,0,客,30113,,,,2200,喷油泵,313220011400,2200,,喷油泵,,043006,,更换总成,,,损坏,,,烧坏,油泵烧坏,,,汽车,1,0.0,1241,0里程或0天失效,1138,1052.0,86.0,0
301,212.0,S3300301103,车机,B3409200153,B3409,YC6108ZQ,21223.0,,21223.0,0,货,30120,,,,2200,喷油泵,32922001A500,2200,,喷油泵,,011001,,更换总成,,,无怠速,,,游车,油泵调速器故障游车,,,供应,1,0.0,1243,0里程或0天失效,1145,1113.0,32.0,0
303,207.0,SW150303042,车机,B3404100262,B3404,YC6108ZQ,20710.0,,20710.0,0,货,30313,,,,2200,喷油泵,309220010600,2200,,喷油泵,,032017,,修复,,,游车,,,调整不当,大泵游车,,,供应,1,0.0,1307,0里程或0天失效,1198,950.0,248.0,0
303,303.0,S0040303030,车机,430D104892,430D,YC6108ZQ,20423.0,,30312.0,0,货,30307,,,,2200,喷油泵,330220010600,2200,,喷油泵,,043006,,修复,,,冒白烟,,,调整不当,点火时间晚,,,一发,1,0.0,1323,0里程或0天失效,1192,1197.0,360.0,0
304,2.0,S3710304045,车机,430E201258,430E,YC6108ZQ,30224.0,,30224.0,0,货,30410,,,,2200,喷油泵,301220013300,2200,,喷油泵,,043006,南岳油泵,修复,,,漏油,,,密封不严,喷油泵壳体底部螺钉孔密封胶圈,,,供应,1,0.0,1338,0里程或0天失效,1225,1179.0,46.0,0
305,2.0,S1700305018,车机,B3413300187,B3413,YC6108ZQ,30217.0,,30217.0,0,货,30530,,,,2200,喷油泵,301220013300,2200,,喷油泵,,043006,南岳油泵,修复,,,漏油,,,密封不严,喷油泵部位漏油严重,,,供应,1,0.0,1440,0里程或0天失效,1275,1172.0,103.0,0
305,302.0,SW150305048,车机,480201533,480,YC6108ZQ,21122.0,,30224.0,0,货,30520,,,,2200,喷油泵,301220013300,2200,,喷油泵,,043006,,修复,,,漏油,,,密封不严,油泵内漏,,,供应,1,0.0,1448,0里程或0天失效,1265,1179.0,86.0,0
305,208.0,S1970305015,车机,B3204200449,B3204,YC6108ZQ,20809.0,,20809.0,0,客,30516,,,,2200,喷油泵,373220010600,2200,,喷油泵,,043006,,修复,,,起动困难,,,调整不当,提前角不对、调整不当,,,服务,1,0.0,1476,0里程或0天失效,1261,979.0,282.0,0
305,210.0,S0280305020,车机,B3221201213,B3221,YC6108ZQ,20805.0,,21008.0,0,货,30508,,,,2200,喷油泵,312220010600,2200,,喷油泵,,032017,,修复,,,机无力,,,调整不当,喷油泵高速调整过低，导致功率,,,用户,1,0.0,1483,0里程或0天失效,1253,1038.0,215.0,0
305,4.0,A062003000034,车机,B3309300035,B3309,YC6108ZQ,30115.0,,30407.0,8640,货,305,,,,2200,喷油泵,3122200106,2200,,喷油泵总成,,043006,南岳油泵,修复,,,机无力,,,调整不当,"用户来电反映,怠违不稳,抖动严",,,供应,1,0.0,1498,逻辑错误(维修早于启用),95,1222.0,-1127.0,8640
306,3.0,S1260305050,车机,B3236300667,B3236,YC6108ZQ,30330.0,,30330.0,0,货,30612,,,,2200,喷油泵,311220016900,2200,,喷油泵,,043006,南岳油泵,修复,,,工作不良,,,发卡,油泵调节机构发卡,,,供应,1,0.0,1569,0里程或0天失效,1287,1215.0,72.0,0
309,8.0,0372003000013,车机,430E303180,430E,YC6108ZQ,30801.0,,30801.0,3000,货,309,,,,2200,喷油泵,31922001A5,2200,,喷油泵,,011001,北京油泵,更换总成,,,振动,,,游车,发动机中速游车.,,,供应,1,0.0,1721,逻辑错误(维修早于启用),99,1336.0,-1237.0,3000
309,8.0,0372003000013,车机,430E303180,430E,YC6108ZQ,30801.0,,30801.0,3000,货,309,,,,2200,喷油泵,31922001A5,2200,,喷油泵,,011001,北京油泵,更换总成,,,振动,,,游车,发动机中速游车.,,,供应,1,0.0,1722,逻辑错误(维修早于启用),99,1336.0,-1237.0,3000
309,6.0,5982003000001,车机,430E302694,430E,YC6108ZQ,30604.0,,30618.0,7930,货,309,,,,2200,喷油泵,3222200120,2200,,喷油泵,,043006,南岳油泵,修复,,,不上油,,,卡死,"发动机动力不足,加油不上.",,,供应,1,0.0,1723,逻辑错误(维修早于启用),99,1293.0,-1194.0,7930
309,6.0,S1200309053,车机,B3221300874,B3221,YC6108ZQ,980610.0,,980610.0,22300,货,30919,,,,2200,喷油泵,31222001B300,2200,,喷油泵,,043006,南岳油泵,修复,,,机无力,,,油量过低,油泵喷油量过小,,,不考,1,0.0,1745,逻辑错误(维修早于启用),1384,35960.0,-34576.0,22300
309,303.0,1782003000012,车机,B3214200609,B3214,YC6108ZQ,21226.0,,30327.0,31500,客,309,,,,2200,喷油泵,3122200106,2200,,喷油泵总成,,043006,,修复,,,机无力,,,调整不当,发动机无力,,,不考核,1,0.0,1750,逻辑错误(维修早于启用),99,1212.0,-1113.0,31500
310,9.0,0022003000054,车机,B3420300384,B3420,YC6108ZQ,30813.0,,30916.0,4500,货,310,,,,2200,喷油泵,3082200100,2200,,喷油泵,,043006,南岳油泵,更换总成,,,异响,,,故障不清,发动机有异响.,,,不考核,1,0.0,1762,逻辑错误(维修早于启用),100,1381.0,-1281.0,4500
310,5.0,0142003000009,车机,480301293,480,YC6108ZQ,30418.0,,30508.0,20600,货,310,,,,2200,喷油泵,3752200120,2200,,喷油泵,,043006,南岳油泵,更换总成,,,自动熄火,,,卡死,发动机自动熄火后无法起动.,,,供应,1,0.0,1763,逻辑错误(维修早于启用),100,1253.0,-1153.0,20600
310,9.0,0022003000015,车机,B3420300185,B3420,YC6108ZQ,30728.0,,30925.0,11800,货,310,,,,2200,喷油泵,31222001B3,2200,,喷油泵(带提?,,011001,北京油泵,换相关件,,,机无力,,,油量过低,"发动机无力,异响",,,不考核,1,0.0,1764,逻辑错误(维修早于启用),100,1390.0,-1290.0,11800
310,9.0,0022003000046,车机,B3322100044,B3322,YC6108ZQ,10718.0,,10913.0,96110,客,310,,,,2200,喷油泵,31522001B4,2200,,喷油泵组件,,043006,,修复,,,烟大,,,油量过高,"发动机油耗高,冒烟大.",,,不考核,1,0.0,1765,逻辑错误(维修早于启用),100,648.0,-548.0,96110
310,8.0,0262003000056,车机,430D300985,430D,YC6108ZQ,30828.0,,30828.0,4975,货,310,,,,2200,喷油泵,3012200133,2200,,喷油泵,,011001,北京油泵,修复,,,漏油,,,密封不严,喷油泵边盖漏油.,,,供应,1,0.0,1766,逻辑错误(维修早于启用),100,1363.0,-1263.0,4975
310,8.0,5162003000001,车机,430D300659,430D,YC6108ZQ,30627.0,,30806.0,13779,货,310,,,,2200,喷油泵,3362200158,2200,,喷油泵,,011001,北京油泵,更换总成,,,发抖,,,失灵,中速发动机严重打抖.,,,供应,1,0.0,1767,逻辑错误(维修早于启用),100,1341.0,-1241.0,13779
310,5.0,1142003000002,车机,B3221302949,B3221,YC6108ZQ,30425.0,,30529.0,25044,货,310,,,,2200,喷油泵,3142200118,2200,,喷油泵,,043006,南岳油泵,更换总成,,,脱落,,,松脱,喷油泵调速器损坏,,,供应,1,0.0,1768,逻辑错误(维修早于启用),100,1274.0,-1174.0,25044
310,9.0,3712003000001,车机,430E301010,430E,YC6108ZQ,30206.0,,30904.0,5000,货,310,,,,2200,喷油泵,3732200120,2200,,喷油泵6AD95(,,043006,南岳油泵,更换总成,,,起动困难,,,卡死,发动机起动困难,,,供应,1,0.0,1769,逻辑错误(维修早于启用),100,1369.0,-1269.0,5000
310,7.0,3712003000016,车机,430E201754,430E,YC6108ZQ,30528.0,,30717.0,10000,货,310,,,,2200,喷油泵,3012200133,2200,,喷油泵6AD95(,,043006,南岳油泵,修复,,,漏油,,,密封不严,大泵漏油.,,,供应,1,0.0,1770,逻辑错误(维修早于启用),100,1322.0,-1222.0,10000
310,9.0,3712003000030,车机,430E301010,430E,YC6108ZQ,30206.0,,30904.0,4000,货,310,,,,2200,喷油泵,3752200120,2200,,喷油泵6AD95(,,043006,南岳油泵,更换总成,,,自动熄火,,,卡死,"行驶中发动机自动熄火后,无法?",,,供应,1,0.0,1771,逻辑错误(维修早于启用),100,1369.0,-1269.0,4000
310,9.0,1172003000008,车机,B3236301590,B3236,YC6108ZQ,30626.0,,30916.0,4400,货,310,,,,2200,喷油泵,37322001B3,2200,,喷油泵,,043006,南岳油泵,修复,,,起动困难,,,油量过低,发动机起动困难.,,,供应,1,0.0,1772,逻辑错误(维修早于启用),100,1381.0,-1281.0,4400
310,9.0,1172003000022,车机,B3236301590,B3236,YC6108ZQ,30626.0,,30916.0,5555,货,310,,,,2200,喷油泵,3732200145,2200,,喷油泵,,043006,南岳油泵,更换总成,,,起动困难,,,压力不当,停机10小时后发动机起动困难.,,,供应,1,0.0,1773,逻辑错误(维修早于启用),100,1381.0,-1281.0,5555
310,3.0,0022003000011,车机,430E300370,430E,YC6108ZQ,30112.0,,30324.0,31500,货,310,,,,2200,喷油泵,31222001B3,2200,,喷油泵,,043006,南岳油泵,修复,,,机无力,,,油量过低,"发动机无力,油耗高",,,不考核,1,0.0,1774,逻辑错误(维修早于启用),100,1209.0,-1109.0,31500
310,301.0,1652003000033,车机,B3221203104,B3221,YC6108ZQ,21202.0,,30103.0,28000,货,310,,,,2200,喷油泵,37322001B3,2200,,喷油泵,,043006,,修复,,,起动困难,,,油量过低,发动机冷车难起动,,,供应,1,0.0,1775,逻辑错误(维修早于启用),100,1128.0,-1028.0,28000
310,212.0,3332003000006,车机,B3221202217,B3221,YC6108ZQ,20919.0,,21205.0,57000,货,310,,,,2200,喷油泵,3752200102,2200,,喷油泵,,043006,,更换总成,,,自动熄火,,,断裂,发动机飞车后突然熄火,,,供应,1,0.0,1776,逻辑错误(维修早于启用),100,1095.0,-995.0,57000
310,206.0,4982003000006,车机,470E102264,470E,YC6108ZQ,10814.0,,20603.0,70816,货,310,,,,2200,喷油泵,31222001B3,2200,,高压喷油泵(?,,043006,,修复,,,机无力,,,油量过低,发动机动力不足.,,,不考核,1,0.0,1777,逻辑错误(维修早于启用),100,913.0,-813.0,70816
310,207.0,2232003000007,车机,B3214200037,B3214,YC6108ZQ,20223.0,,20726.0,45000,客,310,,,,2200,喷油泵,3102200102,2200,,喷油泵,,043006,,更换总成,,,飞车,,,断裂,"柴油机飞车,高压泵调速器击穿.",,,供应,1,0.0,1778,逻辑错误(维修早于启用),100,966.0,-866.0,45000
310,5.0,4862003000008,车机,B3309300074,B3309,YC6108ZQ,30319.0,,30515.0,27480,货,310,,,,2200,喷油泵,3732200198,2200,,喷油泵,,043006,南岳油泵,修复,,,起动困难,,,卡滞,发动机不能起动,,,供应,1,0.0,1779,逻辑错误(维修早于启用),100,1260.0,-1160.0,27480
310,206.0,2222003000046,车机,430D104994,430D,YC6108ZQ,10813.0,,20619.0,27000,货,310,,,,2200,喷油泵,3152200182,2200,,喷油泵6AD95(,,043006,,修复,,,烟大,,,油量不均,发动机四五档烟大.,,,供应,1,0.0,1780,逻辑错误(维修早于启用),100,929.0,-829.0,27000
310,206.0,2222003000012,车机,430D104994,430D,YC6108ZQ,10813.0,,20619.0,24000,货,310,,,,2200,喷油泵,3082200101,2200,,喷油泵6AD95(,,043006,,换件,,,异响,,,磨损,油泵提前器异响.,,,供应,1,0.0,1781,逻辑错误(维修早于启用),100,929.0,-829.0,24000
310,211.0,2912003000002,车机,B3221202507,B3221,YC6108ZQ,21017.0,,21125.0,45870,货,310,,,,2200,喷油泵,3752200102,2200,,喷油泵,,043006,,更换总成,,,自动熄火,,,断裂,"发动机突然熄火,无法起动",,,供应,1,0.0,1782,逻辑错误(维修早于启用),100,1085.0,-985.0,45870
310,208.0,3332003000010,车机,B3221200645,B3221,YC6108ZQ,20513.0,,20813.0,78000,货,310,,,,2200,喷油泵,3102200120,2200,,喷油泵总成,,043006,,更换总成,,,飞车,,,卡死,发动机突然飞车,,,供应,1,0.0,1783,逻辑错误(维修早于启用),100,983.0,-883.0,78000
310,210.0,4832003000024,车机,B3213200236,B3213,YC6108ZQ,20820.0,,21012.0,54987,客,310,,,,2200,喷油泵,3012200133,2200,,喷油泵,,043006,,更换总成,,,漏油,,,密封不严,机油内有柴油,,,供应,1,0.0,1784,逻辑错误(维修早于启用),100,1042.0,-942.0,54987
310,212.0,3332003000006,车机,B3221202217,B3221,YC6108ZQ,20919.0,,21205.0,57000,货,310,,,,2200,喷油泵,3752200102,2200,,喷油泵,,043006,,更换总成,,,自动熄火,,,断裂,发动机飞车后突然熄火,,,供应,1,0.0,1785,逻辑错误(维修早于启用),100,1095.0,-995.0,57000
310,208.0,3332003000010,车机,B3221200645,B3221,YC6108ZQ,20513.0,,20813.0,78000,货,310,,,,2200,喷油泵,3102200120,2200,,喷油泵总成,,043006,,更换总成,,,飞车,,,卡死,发动机突然飞车,,,供应,1,0.0,1786,逻辑错误(维修早于启用),100,983.0,-883.0,78000
310,211.0,5112003000027,车机,480201261,480,YC6108ZQ,21102.0,,21128.0,87240,货,310,,,,2200,喷油泵,3082200102,2200,,喷油泵,,043006,,更换总成,,,异响,,,断裂,"行车途中发动机异响无力,停车?",,,供应,1,0.0,1787,逻辑错误(维修早于启用),100,1088.0,-988.0,87240
310,212.0,0962003000011,车机,480201223,480,YC6108ZQ,21102.0,,21219.0,43760,货,310,,,,2200,喷油泵,3112200102,2200,,喷油泵（PB泵,,043006,,换件,,,工作不良,,,断裂,"发动机工作不正常,第二缸不工?",,,供应,1,0.0,1788,逻辑错误(维修早于启用),100,1109.0,-1009.0,43760
310,304.0,W642003000012,车机,B3221202707,B3221,YC6108ZQ,21030.0,,30421.0,57000,货,310,,,,2200,喷油泵,3102200102,2200,,喷油泵,,043006,,更换总成,,,飞车,,,断裂,发动机飞车,,,供应,1,0.0,1789,逻辑错误(维修早于启用),100,1236.0,-1136.0,57000
310,8.0,5132003000024,车机,B3204300136,B3204,YC6108ZQ,30807.0,,30815.0,18500,客,310,,,,2200,喷油泵,3112200182,2200,,喷油泵,,043006,南岳油泵,更换总成,,,工作不良,,,油量不均,"发动机工作不良,严重冒黑烟.",,,供应,1,0.0,1790,逻辑错误(维修早于启用),100,1350.0,-1250.0,18500
310,8.0,3232003000007,车机,430E303020,430E,YC6108ZQ,30705.0,,30814.0,13000,货,310,,,,2200,喷油泵,3122200106,2200,,喷油泵6AD95(,,043006,南岳油泵,修复,,,机无力,,,调整不当,"发动机无力,怠速有发抖现象.",,,供应,1,0.0,1791,逻辑错误(维修早于启用),100,1349.0,-1249.0,13000
310,8.0,2082003000015,车机,B3409300372,B3409,YC6108ZQ,30125.0,,30801.0,16700,货,310,,,,2200,喷油泵,31222001B3,2200,,喷油泵6AD95(,,011001,北京油泵,修复,,,机无力,,,油量过低,发动机无力,,,供应,1,0.0,1792,逻辑错误(维修早于启用),100,1336.0,-1236.0,16700
310,9.0,3302003000064,车机,B3221304324,B3221,YC6108ZQ,30717.0,,30919.0,2400,货,310,,,,2200,喷油泵,3132200120,2200,,喷油泵,,043006,南岳油泵,更换总成,,,损坏,,,卡死,发动机不能起动.,,,供应,1,0.0,1793,逻辑错误(维修早于启用),100,1384.0,-1284.0,2400
310,3.0,5112003000006,车机,B3236300034,B3236,YC6108ZQ,30102.0,,30311.0,37400,货,310,,,,2200,喷油泵,3752200102,2200,,喷油泵,,043006,南岳油泵,更换总成,,,自动熄火,,,断裂,发动机自动熄火,,,供应,1,0.0,1794,逻辑错误(维修早于启用),100,1196.0,-1096.0,37400
310,2.0,1072003000052,车机,430E300281,430E,YC6108ZQ,30107.0,,30220.0,56398,货,310,,,,2200,喷油泵,3082200102,2200,,喷油泵,,043006,南岳油泵,换件,,,异响,,,断裂,"油泵提前器异响,无力",,,供应,1,0.0,1795,逻辑错误(维修早于启用),100,1175.0,-1075.0,56398
310,2.0,5842003000089,车机,B3210300014,B3210,YC6108ZQ,30103.0,,30222.0,41000,客,310,,,,2200,喷油泵,3732200101,2200,,喷油泵,,043006,南岳油泵,更换总成,,,起动困难,,,磨损,早晨发动机无法起动.,,,供应,1,0.0,1796,逻辑错误(维修早于启用),100,1177.0,-1077.0,41000
310,2.0,5842003000068,车机,B3210300147,B3210,YC6108ZQ,30109.0,,30222.0,21000,客,310,,,,2200,喷油泵,3732200101,2200,,喷油泵,,043006,南岳油泵,更换总成,,,起动困难,,,磨损,早晨不好启动.,,,供应,1,0.0,1797,逻辑错误(维修早于启用),100,1177.0,-1077.0,21000
310,7.0,5192003000001,车机,430E302911,430E,YC6108ZQ,30623.0,,30722.0,8200,货,310,,,,2200,喷油泵,3362200101,2200,,喷油泵总成,,011001,北京油泵,修复,,,发抖,,,磨损,发动机中速抖动大,,,供应,1,0.0,1798,逻辑错误(维修早于启用),100,1327.0,-1227.0,8200
310,8.0,5132003000028,车机,B3204300136,B3204,YC6108ZQ,30807.0,,30815.0,18000,客,310,,,,2200,喷油泵,3122200182,2200,,喷油泵,,043006,南岳油泵,修复,,,机无力,,,油量不均,"发动机冒黑烟,无力工作不良.",,,供应,1,0.0,1799,逻辑错误(维修早于启用),100,1350.0,-1250.0,18000
310,7.0,5412003000013,车机,B3420300222,B3420,YC6108ZQ,30731.0,,30731.0,4240,货,310,,,,2200,喷油泵,3362200106,2200,,喷油泵6AD95(,,011001,北京油泵,修复,,,发抖,,,调整不当,发动机中速发抖,,,供应,1,0.0,1800,逻辑错误(维修早于启用),100,1336.0,-1236.0,4240
310,4.0,1392003000003,车机,B3210300239,B3210,YC6108ZQ,30209.0,,30411.0,28200,客,310,,,,2200,喷油泵,3092200157,2200,,喷油泵,,043006,南岳油泵,更换总成,,,游车,,,弹力不足,"发动机游车,加速时易熄火.",,,供应,1,0.0,1801,逻辑错误(维修早于启用),100,1226.0,-1126.0,28200
310,5.0,W642003000011,车机,B3221301201,B3221,YC6108ZQ,30307.0,,30526.0,40000,货,310,,,,2200,喷油泵,3172200118,2200,,喷油泵,,043006,南岳油泵,更换总成,,,压力低,,,松脱,"机油压力显示低,油标尺超高.",,,供应,1,0.0,1802,逻辑错误(维修早于启用),100,1271.0,-1171.0,40000
310,9.0,W642003000007,车机,B3221301018,B3221,YC6108ZQ,30214.0,,30904.0,10000,货,310,,,,2200,喷油泵,3012200116,2200,,喷油泵,,043006,南岳油泵,更换总成,,,漏油,,,疏松砂眼,喷油泵漏油,,,供应,1,0.0,1803,逻辑错误(维修早于启用),100,1369.0,-1269.0,10000
310,5.0,0372003000074,车机,B3413300348,B3413,YC6108ZQ,30310.0,,30531.0,27000,货,310,,,,2200,喷油泵,31222001B3,2200,,喷油泵,,011001,北京油泵,修复,,,机无力,,,油量过低,发动机无力,,,不考核,1,0.0,1804,逻辑错误(维修早于启用),100,1276.0,-1176.0,27000
310,4.0,0372003000072,车机,B3416300109,B3416,YC6108ZQ,30308.0,,30404.0,30000,货,310,,,,2200,喷油泵,31922001A5,2200,,喷油泵6AD95(,,011001,北京油泵,修复,,,振动,,,游车,中速游车.,,,供应,1,0.0,1805,逻辑错误(维修早于启用),100,1219.0,-1119.0,30000
310,7.0,0372003000017,车机,430E303136,430E,YC6108ZQ,30712.0,,30712.0,3000,货,310,,,,2200,喷油泵,31922001A5,2200,,喷油泵总成,,D32039,无锡威孚,更换总成,,,振动,,,游车,发动机中速游车.,,,供应,1,0.0,1806,逻辑错误(维修早于启用),100,1317.0,-1217.0,3000
310,3.0,5982003000015,车机,430E301430,430E,YC6108ZQ,30220.0,,30318.0,31600,货,310,,,,2200,喷油泵,3162200117,2200,,喷油泵,,043006,南岳油泵,更换总成,,,油耗高,,,松动,发动机油耗太高,,,供应,1,0.0,1807,逻辑错误(维修早于启用),100,1203.0,-1103.0,31600
310,6.0,W982003000001,车机,B3210300373,B3210,YC6108ZQ,30521.0,,30625.0,12350,客,310,,,,2200,喷油泵,4112200106,2200,,喷油泵,,043006,南岳油泵,修复,,,工作不良,,,调整不当,发动机工作不良,,,供应,1,0.0,1808,逻辑错误(维修早于启用),100,1300.0,-1200.0,12350
310,8.0,2872003000002,车机,430D300711,430D,YC6108ZQ,30705.0,,30814.0,9000,货,310,,,,2200,喷油泵,3112200106,2200,,喷油泵总成,,043006,南岳油泵,修复,,,工作不良,,,调整不当,该车动力不足,,,供应,1,0.0,1809,逻辑错误(维修早于启用),100,1349.0,-1249.0,9000
310,5.0,1152003000010,车机,480301150,480,YC6108ZQ,30410.0,,30523.0,17210,货,310,,,,2200,喷油泵,2102200102,2200,,喷油泵,,043006,南岳油泵,更换总成,,,飞车,,,断裂,发动机飞车.,,,供应,1,0.0,1810,逻辑错误(维修早于启用),100,1268.0,-1168.0,17210
310,4.0,3012003000011,车机,B3409300322,B3409,YC6108ZQ,30124.0,,30410.0,36700,货,310,,,,2200,喷油泵,21322001B0,2200,,喷油泵6AD95(,,011001,北京油泵,换件,,,损坏,,,异响,"高压油泵异响,漏油严重.",,,供应,1,0.0,1811,逻辑错误(维修早于启用),100,1225.0,-1125.0,36700
310,7.0,3982003000014,车机,B3221304137,B3221,YC6108ZQ,30715.0,,30715.0,1980,货,310,,,,2200,喷油泵,2102200102,2200,,喷油泵,,043006,南岳油泵,更换总成,,,飞车,,,断裂,发动机飞车,,,供应,1,0.0,1812,逻辑错误(维修早于启用),100,1320.0,-1220.0,1980
310,5.0,5562003000013,车机,480301224,480,YC6108ZQ,30418.0,,30514.0,17200,货,310,,,,2200,喷油泵,3162200106,2200,,喷油泵,,043006,南岳油泵,修复,,,油耗高,,,调整不当,发动机油耗高.,,,供应,1,0.0,1813,逻辑错误(维修早于启用),100,1259.0,-1159.0,17200
310,3.0,5562003000011,车机,480300435,480,YC6108ZQ,30215.0,,30325.0,26000,货,310,,,,2200,喷油泵,3112200146,2200,,喷油泵,,043006,南岳油泵,更换总成,,,工作不良,,,间隙不当,发动机中速发吐.,,,供应,1,0.0,1814,逻辑错误(维修早于启用),100,1210.0,-1110.0,26000
310,7.0,5562003000007,车机,B3236300893,B3236,YC6108ZQ,30415.0,,30708.0,10000,货,310,,,,2200,喷油泵,3082200102,2200,,喷油泵,,043006,南岳油泵,更换总成,,,异响,,,断裂,"发动机异响,漏柴油.",,,供应,1,0.0,1815,逻辑错误(维修早于启用),100,1313.0,-1213.0,10000
310,4.0,2232003000008,车机,480300445,480,YC6108ZQ,30215.0,,30401.0,6000,货,310,,,,2200,喷油泵,3132200102,2200,,喷油泵,,043006,南岳油泵,更换总成,,,损坏,,,断裂,柴油机熄火,,,供应,1,0.0,1816,逻辑错误(维修早于启用),100,1216.0,-1116.0,6000
310,8.0,2082003000026,车机,B3409300372,B3409,YC6108ZQ,30125.0,,30801.0,17210,货,310,,,,2200,喷油泵,3722200169,2200,,喷油泵6AD95(,,011001,北京油泵,更换总成,,,拆卸困难,,,发卡,"车熄火后,起动困难",,,供应,1,0.0,1817,逻辑错误(维修早于启用),100,1336.0,-1236.0,17210
310,7.0,2212003000001,车机,B3236300427,B3236,YC6108ZQ,30318.0,,30719.0,7051,货,310,,,,2200,喷油泵,3732200106,2200,,喷油泵（PB泵,,043006,南岳油泵,修复,,,起动困难,,,调整不当,发动机起动不了.,,,供应,1,0.0,1818,逻辑错误(维修早于启用),100,1324.0,-1224.0,7051
310,9.0,1882003000002,车机,B3221304198,B3221,YC6108ZQ,30715.0,,30911.0,8000,货,310,,,,2200,喷油泵,3172200152,2200,,喷油泵6AD95(,,043006,南岳油泵,更换总成,,,压力低,,,漏油,"发动机油底壳内发现柴油,无法?",,,供应,1,0.0,1819,逻辑错误(维修早于启用),100,1376.0,-1276.0,8000
310,7.0,1652003000039,车机,B3420300206,B3420,YC6108ZQ,30731.0,,30731.0,3020,货,310,,,,2200,喷油泵,30922001B3,2200,,喷油泵,,011001,北京油泵,修复,,,游车,,,油量过低,发动机游车,,,供应,1,0.0,1820,逻辑错误(维修早于启用),100,1336.0,-1236.0,3020
310,7.0,1652003000018,车机,430E302813,430E,YC6108ZQ,30616.0,,30724.0,13500,货,310,,,,2200,喷油泵,3092200100,2200,,喷油泵,,011001,北京油泵,更换总成,,,游车,,,故障不清,发动机中高速游车,,,供应,1,0.0,1821,逻辑错误(维修早于启用),100,1329.0,-1229.0,13500
310,9.0,W642003000007,车机,B3221301018,B3221,YC6108ZQ,30214.0,,30904.0,10000,货,310,,,,2200,喷油泵,3012200116,2200,,喷油泵,,043006,南岳油泵,更换总成,,,漏油,,,疏松砂眼,喷油泵漏油,,,供应,1,0.0,1822,逻辑错误(维修早于启用),100,1369.0,-1269.0,10000
310,5.0,0372003000074,车机,B3413300348,B3413,YC6108ZQ,30310.0,,30531.0,27000,货,310,,,,2200,喷油泵,31222001B3,2200,,喷油泵,,011001,北京油泵,修复,,,机无力,,,油量过低,发动机无力,,,不考核,1,0.0,1823,逻辑错误(维修早于启用),100,1276.0,-1176.0,27000
310,4.0,0372003000072,车机,B3416300109,B3416,YC6108ZQ,30308.0,,30404.0,30000,货,310,,,,2200,喷油泵,31922001A5,2200,,喷油泵6AD95(,,011001,北京油泵,修复,,,振动,,,游车,中速游车.,,,供应,1,0.0,1824,逻辑错误(维修早于启用),100,1219.0,-1119.0,30000
310,7.0,0372003000017,车机,430E303136,430E,YC6108ZQ,30712.0,,30712.0,3000,货,310,,,,2200,喷油泵,31922001A5,2200,,喷油泵总成,,D32039,无锡威孚,更换总成,,,振动,,,游车,发动机中速游车.,,,供应,1,0.0,1825,逻辑错误(维修早于启用),100,1317.0,-1217.0,3000
310,7.0,0372003000014,车机,430E303129,430E,YC6108ZQ,30712.0,,30712.0,3000,货,310,,,,2200,喷油泵,31922001A5,2200,,喷油泵,,D32039,无锡威孚,更换总成,,,振动,,,游车,发动机中速游车.,,,供应,1,0.0,1826,逻辑错误(维修早于启用),100,1317.0,-1217.0,3000
310,3.0,2222003000022,车机,470300064,470,YC6108ZQ,30312.0,,30312.0,20000,货,310,,,,2200,喷油泵,3122200106,2200,,喷油泵6AD95(,,011001,北京油泵,修复,,,机无力,,,调整不当,发动机无力.,,,供应,1,0.0,1827,逻辑错误(维修早于启用),100,1197.0,-1097.0,20000
310,3.0,4242003000010,车机,B4501300001,B4501,YC6108ZQ,30325.0,,30325.0,17958,货,310,,,,2200,喷油泵,4012200118,2200,,喷油泵,,D32039,无锡威孚,修复,,,漏油,,,松脱,发动机漏油,,,供应,1,0.0,1828,逻辑错误(维修早于启用),100,1210.0,-1110.0,17958
310,7.0,0372003000014,车机,430E303129,430E,YC6108ZQ,30712.0,,30712.0,3000,货,310,,,,2200,喷油泵,31922001A5,2200,,喷油泵,,D32039,无锡威孚,更换总成,,,振动,,,游车,发动机中速游车.,,,供应,1,0.0,1829,逻辑错误(维修早于启用),100,1317.0,-1217.0,3000
310,4.0,2992003000011,车机,480301234,480,YC6108ZQ,30418.0,,30418.0,23535,货,310,,,,2200,喷油泵,3172200133,2200,,喷油泵,,043006,南岳油泵,更换总成,,,压力低,,,密封不严,"油压变低,油底壳内有柴油.",,,供应,1,0.0,1830,逻辑错误(维修早于启用),100,1233.0,-1133.0,23535
310,6.0,2742003000013,车机,B3236300924,B3236,YC6108ZQ,30415.0,,30604.0,14500,货,310,,,,2200,喷油泵,3122200101,2200,,喷油泵6AD95(,,043006,南岳油泵,更换总成,,,机无力,,,磨损,"发动机无力,冒蓝烟.",,,供应,1,0.0,1831,逻辑错误(维修早于启用),100,1279.0,-1179.0,14500
310,5.0,W642003000011,车机,B3221301201,B3221,YC6108ZQ,30307.0,,30526.0,40000,货,310,,,,2200,喷油泵,3172200118,2200,,喷油泵,,043006,南岳油泵,更换总成,,,压力低,,,松脱,"机油压力显示低,油标尺超高.",,,供应,1,0.0,1832,逻辑错误(维修早于启用),100,1271.0,-1171.0,40000
310,4.0,0142003000005,车机,480300555,480,YC6108ZQ,30307.0,,30414.0,35015,货,310,,,,2200,喷油泵,3082200185,2200,,喷油泵,,043006,南岳油泵,换相关件,,,异响,,,损坏,提前器异响.,,,供应,1,0.0,1833,逻辑错误(维修早于启用),100,1229.0,-1129.0,35015
310,308.0,1072003000015,车机,430D106040,430D,YC6108ZQ,10821.0,,30810.0,1016,货,310,,,,2200,喷油泵,3012200133,2200,,喷油泵,,043006,,修复,,,漏油,,,密封不严,喷油泵泵体座漏油,,,供应,1,0.0,1834,逻辑错误(维修早于启用),100,1345.0,-1245.0,1016
310,4.0,5692003000003,车机,480300448,480,YC6108ZQ,30215.0,,30401.0,12000,货,310,,,,2200,喷油泵,3082200185,2200,,喷油泵,,043006,南岳油泵,更换总成,,,异响,,,损坏,发动机急加速无反映并有异响,,,供应,1,0.0,1835,逻辑错误(维修早于启用),100,1216.0,-1116.0,12000
310,5.0,4832003000033,车机,B3409300694,B3409,YC6108ZQ,30212.0,,30507.0,25008,货,310,,,,2200,喷油泵,3362200157,2200,,喷油泵6AD95(,,043006,南岳油泵,更换总成,,,发抖,,,弹力不足,发动机中速发抖.,,,供应,1,0.0,1836,逻辑错误(维修早于启用),100,1252.0,-1152.0,25008
310,4.0,4732003000007,车机,480300472,480,YC6108ZQ,30221.0,,30426.0,40600,货,310,,,,2200,喷油泵,31222001B3,2200,,喷油泵（PB泵,,043006,南岳油泵,修复,,,机无力,,,油量过低,发动机功率不足,,,不考核,1,0.0,1837,逻辑错误(维修早于启用),100,1241.0,-1141.0,40600
310,8.0,5242003000029,车机,B3214300167,B3214,YC6108ZQ,30616.0,,30812.0,8200,客,310,,,,2200,喷油泵,4362200182,2200,,喷油泵,,043006,南岳油泵,修复,,,发抖,,,油量不均,机发抖,,,供应,1,0.0,1838,逻辑错误(维修早于启用),100,1347.0,-1247.0,8200
310,8.0,0852003000044,车机,430D300916,430D,YC6108ZQ,30815.0,,30815.0,5200,货,310,,,,2200,喷油泵,3122200182,2200,,喷油泵,,011001,北京油泵,修复,,,机无力,,,油量不均,"发动机无力,中速加油发突.",,,供应,1,0.0,1839,逻辑错误(维修早于启用),100,1350.0,-1250.0,5200
310,7.0,5972003000013,车机,430D300793,430D,YC6108ZQ,30712.0,,30712.0,5500,货,310,,,,2200,喷油泵,3362200100,2200,,喷油泵总成,,011001,北京油泵,更换总成,,,发抖,,,故障不清,发动机无力加油至中高速时发动,,,供应,1,0.0,1840,逻辑错误(维修早于启用),100,1317.0,-1217.0,5500
310,9.0,4962003000001,车机,B3007300056,B3007,YC6108ZQ,30521.0,,30910.0,5800,客,310,,,,2200,喷油泵,3012200133,2200,,喷油泵总成,,043006,南岳油泵,修复,,,漏油,,,密封不严,油泵漏油.,,,供应,1,0.0,1841,逻辑错误(维修早于启用),100,1375.0,-1275.0,5800
310,7.0,1762003000012,车机,B3007300104,B3007,YC6108ZQ,30715.0,,30715.0,2150,客,310,,,,2200,喷油泵,3122200182,2200,,喷油泵6AD95(,,D32039,无锡威孚,修复,,,机无力,,,油量不均,"发动机无力,上坡费力.",,,供应,1,0.0,1842,逻辑错误(维修早于启用),100,1320.0,-1220.0,2150
310,5.0,6082003000006,车机,B3250300010,B3250,YC6108ZQ,30426.0,,30528.0,22000,客,310,,,,2200,喷油泵,3012200152,2200,,喷油泵总成,,D32039,无锡威孚,修复,,,漏油,,,漏油,燃油泵漏油.,,,供应,1,0.0,1843,逻辑错误(维修早于启用),100,1273.0,-1173.0,22000
310,5.0,6082003000005,车机,B3250300009,B3250,YC6108ZQ,30426.0,,30528.0,25000,客,310,,,,2200,喷油泵,3122200106,2200,,喷油泵总成,,D32039,无锡威孚,修复,,,机无力,,,调整不当,"发动动力差,油消耗增加.",,,不考核,1,0.0,1844,逻辑错误(维修早于启用),100,1273.0,-1173.0,25000
310,5.0,6082003000003,车机,B3250300001,B3250,YC6108ZQ,30426.0,,30528.0,20000,客,310,,,,2200,喷油泵,3012200133,2200,,喷油泵,,D32039,无锡威孚,更换总成,,,漏油,,,密封不严,油泵加速不良且漏油,,,供应,1,0.0,1845,逻辑错误(维修早于启用),100,1273.0,-1173.0,20000
310,7.0,4732003000011,车机,430D300828,430D,YC6108ZQ,30714.0,,30714.0,11000,货,310,,,,2200,喷油泵,3082200120,2200,,喷油泵6AD95(,,011001,北京油泵,更换总成,,,异响,,,卡死,"发动机游车,异响,功率不足.",,,供应,1,0.0,1846,逻辑错误(维修早于启用),100,1319.0,-1219.0,11000
310,3.0,2612003000003,车机,B3413300120,B3413,YC6108ZQ,30216.0,,30317.0,26800,货,310,,,,2200,喷油泵,3122200104,2200,,喷油泵6AD95(,,043006,南岳油泵,更换总成,,,机无力,,,变形,发动机无力.冒黑烟.油耗高.转?,,,供应,1,0.0,1847,逻辑错误(维修早于启用),100,1202.0,-1102.0,26800
310,9.0,0112003000006,车机,B3409300551,B3409,YC6108ZQ,30208.0,,30920.0,18300,货,310,,,,2200,喷油泵,3112200101,2200,,喷油泵6AD95(,,043006,南岳油泵,修复,,,工作不良,,,磨损,发动机工作不良.,,,供应,1,0.0,1848,逻辑错误(维修早于启用),100,1385.0,-1285.0,18300
310,8.0,0902003000005,车机,B3221304829,B3221,YC6108ZQ,30804.0,,30804.0,232,货,310,,,,2200,喷油泵,3732200102,2200,,喷油泵总成,,D32039,无锡威孚,更换总成,,,起动困难,,,断裂,发动机起动不着,,,供应,1,0.0,1849,逻辑错误(维修早于启用),100,1339.0,-1239.0,232
310,7.0,W502003000009,车机,B3214300072,B3214,YC6108ZQ,30404.0,,30721.0,15500,客,310,,,,2200,喷油泵,3102200102,2200,,喷油泵,,043006,南岳油泵,换相关件,,,飞车,,,断裂,发动机发吐,,,供应,1,0.0,1850,逻辑错误(维修早于启用),100,1326.0,-1226.0,15500
310,3.0,3982003000024,车机,B3218300947,B3218,YC6108ZQ,30313.0,,30313.0,2493,货,310,,,,2200,喷油泵,3122200160,2200,,喷油泵（PB泵,,D32039,无锡威孚,换件,,,机无力,,,力矩不够,发动机功率不足,,,供应,1,0.0,1851,逻辑错误(维修早于启用),100,1198.0,-1098.0,2493
310,1.0,0042003000080,车机,430E300096,430E,YC6108ZQ,30102.0,,30102.0,1021,货,310,,,,2200,喷油泵,4152200106,2200,,管夹固定总成,,043006,南岳油泵,修复,,,烟大,,,调整不当,发动机冒蓝烟,,,供应,1,0.0,1852,非喷油泵记录,100,1127.0,-1027.0,1021
310,5.0,W362003000006,车机,B3417300282,B3417,YC6108ZQ,30310.0,,30508.0,29218,货,310,,,,2200,喷油泵,31122001B0,2200,,喷油泵6AD95(,,011001,北京油泵,更换总成,,,工作不良,,,异响,"发动机发突,发动机无力.",,,供应,1,0.0,1853,逻辑错误(维修早于启用),100,1253.0,-1153.0,29218
310,4.0,3512003000007,车机,480300798,480,YC6108ZQ,30322.0,,30408.0,8916,货,310,,,,2200,喷油泵,31222001B3,2200,,喷油泵（PB泵,,043006,南岳油泵,修复,,,机无力,,,油量过低,"发动机爬坡时无力,功率不足.",,,供应,1,0.0,1854,逻辑错误(维修早于启用),100,1223.0,-1123.0,8916
310,2.0,3012003000005,车机,472300015,472,YC6108ZQ,30208.0,,30208.0,0,货,310,,,,2200,喷油泵,3752200157,2200,,喷油泵6AD95(,,D32039,无锡威孚,修复,,,自动熄火,,,弹力不足,"起动机不易起动,起动后松油门?",,,不考核,1,0.0,1855,逻辑错误(维修早于启用),100,1163.0,-1063.0,0
310,5.0,2792003000002,车机,B3413300405,B3413,YC6108ZQ,30310.0,,30510.0,18526,货,310,,,,2200,喷油泵,3732200120,2200,,喷油泵6AD95(,,011001,北京油泵,修复,,,起动困难,,,卡死,"车辆行驶中发动机熄火,起动不?",,,供应,1,0.0,1856,逻辑错误(维修早于启用),100,1255.0,-1155.0,18526
310,7.0,4862003000009,车机,430E302859,430E,YC6108ZQ,30619.0,,30709.0,19357,货,310,,,,2200,喷油泵,31222001B3,2200,,喷油泵总成,,011001,北京油泵,修复,,,机无力,,,油量过低,"发动机高速时无动力,有断油现?",,,供应,1,0.0,1857,逻辑错误(维修早于启用),100,1314.0,-1214.0,19357
310,4.0,5782003000007,车机,B3409300188,B3409,YC6108ZQ,30117.0,,30422.0,30000,货,310,,,,2200,喷油泵,3222200169,2200,,喷油泵总成,,043006,南岳油泵,修复,,,不上油,,,发卡,发动机无法起动,,,供应,1,0.0,1858,逻辑错误(维修早于启用),100,1237.0,-1137.0,30000
310,6.0,5392003000014,车机,430D300630,430D,YC6108ZQ,30618.0,,30624.0,1205,货,310,,,,2200,喷油泵,3B12200182,2200,,喷油泵,,011001,北京油泵,修复,,,油量小,,,油量不均,发动机怠速时发吐,,,供应,1,0.0,1859,逻辑错误(维修早于启用),100,1299.0,-1199.0,1205
310,3.0,4422003000009,车机,470E300289,470E,YC6108ZQ,30322.0,,30322.0,3840,货,310,,,,2200,喷油泵,3122200182,2200,,喷油泵6AD95(,,D32039,无锡威孚,修复,,,机无力,,,油量不均,发动机无力,,,供应,1,0.0,1860,逻辑错误(维修早于启用),100,1207.0,-1107.0,3840
310,7.0,3802003000020,车机,B3221304283,B3221,YC6108ZQ,30716.0,,30716.0,4100,货,310,,,,2200,喷油泵,3732200106,2200,,喷油泵,,043006,南岳油泵,修复,,,起动困难,,,调整不当,发动机起动困难行驶无力.,,,供应,1,0.0,1861,逻辑错误(维修早于启用),100,1321.0,-1221.0,4100
310,5.0,3452003000013,车机,480301156,480,YC6108ZQ,30417.0,,30528.0,26800,货,310,,,,2200,喷油泵,3752200120,2200,,喷油泵,,043006,南岳油泵,修复,,,自动熄火,,,卡死,发动机突然熄火,,,供应,1,0.0,1862,逻辑错误(维修早于启用),100,1273.0,-1173.0,26800
310,8.0,3442003000019,车机,B3404300147,B3404,YC6108ZQ,30711.0,,30813.0,20500,货,310,,,,2200,喷油泵,3122200182,2200,,喷油泵6AD95(,,043006,南岳油泵,修复,,,机无力,,,油量不均,机无力,,,供应,1,0.0,1863,逻辑错误(维修早于启用),100,1348.0,-1248.0,20500
310,4.0,0652003000006,车机,480300686,480,YC6108ZQ,30321.0,,30424.0,22570,货,310,,,,2200,喷油泵,3362200160,2200,,喷油泵,,043006,南岳油泵,修复,,,发抖,,,力矩不够,"发动机发吐(发抖),无力.",,,供应,1,0.0,1864,逻辑错误(维修早于启用),100,1239.0,-1139.0,22570
310,5.0,2792003000005,车机,B3413300182,B3413,YC6108ZQ,30216.0,,30510.0,19002,货,310,,,,2200,喷油泵,3012200117,2200,,喷油泵6AD95(,,043006,南岳油泵,修复,,,漏油,,,松动,高压油泵严重漏油.,,,供应,1,0.0,1865,逻辑错误(维修早于启用),100,1255.0,-1155.0,19002
310,302.0,5132003000013,车机,430E200677,430E,YC6108ZQ,21217.0,,30218.0,50000,货,310,,,,2200,喷油泵,3122200182,2200,,喷油泵6AD95(,,043006,,换相关件,,,机无力,,,油量不均,"发动机无力,异响,起动发抖.",,,供应,1,0.0,1866,逻辑错误(维修早于启用),100,1173.0,-1073.0,50000
310,304.0,W642003000012,车机,B3221202707,B3221,YC6108ZQ,21030.0,,30421.0,57000,货,310,,,,2200,喷油泵,3102200102,2200,,喷油泵,,043006,,更换总成,,,飞车,,,断裂,发动机飞车,,,供应,1,0.0,1867,逻辑错误(维修早于启用),100,1236.0,-1136.0,57000
310,304.0,W842003000037,车机,B3100103133,B3100,YC6108ZQ,10817.0,,30422.0,22000,,310,,,,2200,喷油泵,3122200182,2200,,喷油泵总成,,032017,,修复,,,机无力,,,油量不均,"该机加油不畅,感觉行驶无力.",,,供应,1,0.0,1868,逻辑错误(维修早于启用),100,1237.0,-1137.0,22000
310,307.0,3712003000036,车机,430E201599,430E,YC6108ZQ,21227.0,,30717.0,5000,货,310,,,,2200,喷油泵,3012200133,2200,,喷油泵6AD95(,,043006,南岳油泵,修复,,,漏油,,,密封不严,喷油泵漏油.,,,供应,1,0.0,1869,逻辑错误(维修早于启用),100,1322.0,-1222.0,5000
310,305.0,3192003000075,车机,430E201176,430E,YC6108ZQ,21226.0,,30529.0,20000,货,310,,,,2200,喷油泵,3082200172,2200,,喷油泵6AD95(,,043006,南岳油泵,换件,,,异响,,,散架,"发动机无力,异响.",,,供应,1,0.0,1870,逻辑错误(维修早于启用),100,1274.0,-1174.0,20000
310,307.0,1152003000004,车机,430E201403,430E,YC6108ZQ,21226.0,,30725.0,12650,货,310,,,,2200,喷油泵,3082200182,2200,,喷油泵,,043006,南岳油泵,修复,,,异响,,,油量不均,发动机异响.,,,供应,1,0.0,1871,逻辑错误(维修早于启用),100,1330.0,-1230.0,12650
310,304.0,0542003000031,车机,430E201526,430E,YC6108ZQ,21227.0,,30428.0,26000,货,310,,,,2200,喷油泵,3122200100,2200,,喷油泵6AD95(,,043006,南岳油泵,更换总成,,,机无力,,,故障不清,发动机无力.,,,供应,1,0.0,1872,逻辑错误(维修早于启用),100,1243.0,-1143.0,26000
310,304.0,4982003000002,车机,B3214200556,B3214,YC6108ZQ,21105.0,,30418.0,68370,客,310,,,,2200,喷油泵,31222001B3,2200,,高压喷油泵(?,,043006,,修复,,,机无力,,,油量过低,发动机无力.,,,不考核,1,0.0,1873,逻辑错误(维修早于启用),100,1233.0,-1133.0,68370
310,5.0,1652003000025,车机,B3218300816,B3218,YC6108ZQ,30308.0,,30531.0,10076,货,310,,,,2200,喷油泵,37322001B3,2200,,喷油泵,,043006,南岳油泵,修复,,,起动困难,,,油量过低,发动机冷车难起动,,,供应,1,0.0,1874,逻辑错误(维修早于启用),100,1276.0,-1176.0,10076
310,304.0,5132003000029,车机,B3214200535,B3214,YC6108ZQ,21105.0,,30406.0,46200,客,310,,,,2200,喷油泵,3122200117,2200,,喷油泵,,011001,,修复,,,机无力,,,松动,"发动机无力,振动发抖,冒黑烟.",,,供应,1,0.0,1875,逻辑错误(维修早于启用),100,1221.0,-1121.0,46200
311,3.0,4842003000121,车机,B3413300433,B3413,YC6108ZQ,30331.0,,30331.0,0,货,31119,,,,2200,喷油泵,37322001B3,2200,,喷油泵,,D32039,无锡威孚,修复,,,起动困难,,,油量过低,发动机不起车,,,供应,1,0.0,1884,0里程或0天失效,1444,1216.0,228.0,0
311,8.0,5072003000055,车机,B3423300038,B3423,YC6108ZQ,30804.0,,30804.0,0,货,31120,,,,2200,喷油泵,4732200151,2200,,喷油泵,,043006,南岳油泵,修复,,,起动困难,,,漏气,发动机不能起动,,,待查,1,0.0,1886,0里程或0天失效,1445,1339.0,106.0,0
311,10.0,6082004000049,车机,B3281300029,B3281,YC6108ZQ,31008.0,,31008.0,0,客,31108,,,,2200,喷油泵,3152200106,2200,,喷油泵,,043006,南岳油泵,修复,,,烟大,,,调整不当,发动机加油不畅.冒烟度大.,,,一发,1,0.0,1922,0里程或0天失效,1433,1403.0,30.0,0
311,10.0,6082004000013,车机,B3281300030,B3281,YC6108ZQ,31008.0,,31008.0,0,客,31107,,,,2200,喷油泵,3152200106,2200,,喷油泵,,043006,南岳油泵,修复,,,烟大,,,调整不当,发动机冒蓝烟严重.,,,一发,1,0.0,1924,0里程或0天失效,1432,1403.0,29.0,0
311,10.0,0022004000016,车机,B3322100066,B3322,YC6108ZQ,11007.0,,11007.0,0,客,31116,,,,2200,喷油泵,3152200157,2200,,喷油泵,,043006,,修复,,,烟大,,,弹力不足,冒烟大.,,,超期1,1,0.0,1962,0里程或0天失效,1441,672.0,769.0,0
311,11.0,0022004000010,车机,B3322100064,B3322,YC6108ZQ,11007.0,,11128.0,0,客,31115,,,,2200,喷油泵,3152200106,2200,,喷油泵,,011001,,换件,,,烟大,,,调整不当,发动机油耗高，冒烟大。,,,错赔,1,0.0,1965,0里程或0天失效,1440,723.0,717.0,0
312,11.0,1260312126,车机,430E303417,430E,YC6108ZQ,31124.0,,31124.0,0,货,31208,40405.0,1111,燃油喷射泵,2200,喷油泵,3222200106,2200,430D-1111010,喷油泵,,043006,南岳油泵,修复,3.0,22,不上油,1,06,调整不当,发动机不能起动.,经拆检发现高压泵不出油，发卡。，导致发动机不能起动.调校处理.,,供应,1,0.0,1968,0里程或0天失效,1463,1449.0,14.0,0
312,8.0,1260312101,车机,B3236301836,B3236,YC6108ZQ,30814.0,,30814.0,0,货,31203,40405.0,1111,燃油喷射泵,2200,喷油泵,3222200106,2200,B3000-1111010A,喷油泵,,043006,南岳油泵,修复,3.0,22,不上油,1,06,调整不当,发动机不能起动.,"经拆检高压油泵总成发现高压油泵发卡,不出油.导致发动机不能起动.调校高压油泵处理.",,供应,1,0.0,1984,0里程或0天失效,1458,1349.0,109.0,0
312,11.0,1260312096,车机,B3236302048,B3236,YC6108ZQ,30830.0,,31127.0,0,货,31202,40405.0,1111,燃油喷射泵,2200,喷油泵,3222200106,2200,630-1111010A,高压喷油泵(新),,043006,南岳油泵,修复,3.0,22,不上油,1,06,调整不当,发动机不能起动.,经拆检发现高压油泵不出油.发卡.导致发动机不能起动.调校处理.,,供应,1,0.0,1985,0里程或0天失效,1457,1452.0,5.0,0
312,9.0,1260312092,车机,B3236301644,B3236,YC6108ZQ,30728.0,,30926.0,0,货,31202,40405.0,1111,燃油喷射泵,2200,喷油泵,3222200106,2200,630-1111010A,高压喷油泵(新),,043006,南岳油泵,修复,3.0,22,不上油,1,06,调整不当,发动机不能起动.,经拆检发现高压油泵不出油.发卡.导致发动机不能起动.调校高压油泵处理.,,供应,1,0.0,1986,0里程或0天失效,1457,1391.0,66.0,0
312,9.0,1260312082,车机,B3236301780,B3236,YC6108ZQ,30809.0,,30911.0,0,货,31201,40221.0,1111,燃油喷射泵,2200,喷油泵,3732200106,2200,630-1111010A,高压喷油泵(新),,043006,南岳油泵,修复,3.0,73,起动困难,1,06,调整不当,发动机不能起动.,"经拆检发现高压油泵不能供油,卡死,导致发动机不能起动.调校处理.",,供应,1,0.0,1987,0里程或0天失效,1456,1376.0,80.0,0
312,9.0,3300312052,车机,430E303310,430E,YC6108ZQ,30927.0,,30927.0,0,货,31219,40405.0,1111,燃油喷射泵,2200,喷油泵,3012200133,2200,430-1111010,喷油泵,,011001,北京油泵,换件,3.0,01,漏油,1,33,密封不严,高压泵底部漏油.,"高压泵后盖密封垫,密封不严漏油.",,供应,1,0.0,2025,0里程或0天失效,1474,1392.0,82.0,0
312,10.0,1560312481,车机,B3269300108,B3269,YC6108ZQ,31010.0,,31010.0,0,客,31206,40411.0,1111,燃油喷射泵,2200,喷油泵,3012200152,2200,B3000-1111010A,喷油泵,,D32039,无锡威孚,更换总成,3.0,01,漏油,1,52,漏油,办事处委托上门三包服务,"调速器与泵体之间漏油,更换喷油泵.",,供应,1,0.0,2057,0里程或0天失效,1461,1405.0,56.0,0
401,9.0,1902004000043,车机,430E303284,430E,YC6108ZQ,30925.0,,30925.0,0,货,40105,40416.0,1111,燃油喷射泵,2200,喷油泵,3362200100,2200,430-1111010,喷油泵,,011001,北京油泵,更换总成,3.0,36,发抖,1,00,故障不清,发动机中速发抖.,"系喷油泵调速器故障,造成发动机中速发抖.属喷油泵质量问题.请示湖南办同意更换,换泵后工作正常.",,供应,1,0.0,2089,0里程或0天失效,1495,1390.0,105.0,0
401,11.0,0482004000052,车机,B3210300709,B3210,YC6108ZQ,31125.0,,31125.0,0,客,40107,40417.0,1111,燃油喷射泵,2200,喷油泵,3152200106,2200,630-1111010A,高压喷油泵(新),,043006,南岳油泵,修复,3.0,15,烟大,1,06,调整不当,发动机烟大无力.,"因发动机喷油正时调整不良,及气门间隙过小,造成烟大,无力.重新调整后,故障排除,属装配质量问题.",,一发,1,0.0,2092,0里程或0天失效,1497,1450.0,47.0,0
401,11.0,0482004000051,车机,B3210300710,B3210,YC6108ZQ,31125.0,,31125.0,0,客,40107,40417.0,1111,燃油喷射泵,2200,喷油泵,3152200106,2200,630-1111010A,高压喷油泵(新),,043006,南岳油泵,修复,3.0,15,烟大,1,06,调整不当,"发动机烟大,无力.","因发动机喷油正时调整不良,造成烟大.因气门间隙过小造成无力.重新调整后故障排除,属装配质量问题.",,一发,1,0.0,2114,0里程或0天失效,1497,1450.0,47.0,0
401,12.0,1562004000099,车机,B3007300212,B3007,YC6108ZQ,31212.0,,31212.0,0,客,40112,40422.0,1111,燃油喷射泵,2200,喷油泵,3152200106,2200,G0200-1111050D,喷油泵,,043006,南岳油泵,修复,3.0,15,烟大,1,06,调整不当,"发动机发动后置冒烟,办事处?",托上门服务.检查调整点火时间.,,不考核.,1,0.0,2147,0里程或0天失效,1502,1467.0,35.0,0
402,11.0,1262004000072,车机,B3236302382,B3236,YC6108ZQ,31123.0,31122.0,31123.0,0,货,40202,20040417.0,1111,燃油喷射泵,2200,喷油泵,3732200106,2200,480-1111000,喷油泵总成,,043006,南岳油泵,修复,3.0,73,起动困难,1,06,调整不当,发动机不能起动,"经拆检发现高压油泵不出油,导致发动机不能起动,调校处理.",高压油泵不出油,供应,1,0.0,2184,0里程或0天失效,1522,1448.0,74.0,0
402,5.0,5912004000202,车机,B3010300002,B3010,YC6108ZQ,30512.0,30508.0,30512.0,0,客,40228,20040507.0,1111,燃油喷射泵,2200,喷油泵,3222200528,2200,340-1111010A,喷油泵,,043006,南岳油泵,修复,3.0,22,不上油,5,28,异物,发动机不能起动。,发动机柴油供不上引起，逐段检查油路完好，无泄漏，油质良好，手油泵泵油失效，机械泵泵油也失效，拆检手油泵有异物夹于单向阀间,手油泵泵油失效,汽车厂.,1,0.0,2207,0里程或0天失效,1548,1257.0,291.0,0
402,12.0,5072004000149,车机,470E300550,470E,YC6108ZQ,31226.0,31225.0,31226.0,0,货,40217,20040509.0,1111,燃油喷射泵,2200,喷油泵,3352200198,2200,430-1111010,喷油泵,,043006,南岳油泵,修复,3.0,35,失灵,1,98,卡滞,发动机不能起动,"到现场检查发现喷油泵齿条卡滞,造成喷油泵不喷油,发动机不能起动,调整齿条后,排除故障.",喷油泵齿条卡滞,供应,1,0.0,2215,0里程或0天失效,1537,1481.0,56.0,0
402,1.0,3002004000051,车机,430E400089,430E,YC6108ZQ,40109.0,40108.0,40109.0,0,货,40223,20040409.0,1111,燃油喷射泵,2200,喷油泵,3112200106,2200,430D-1111000,喷油泵总成,,011001,北京油泵,修复,3.0,11,工作不良,1,06,调整不当,"发动机工作不稳,缺力.","经喷油泵台架试验:各缸怠速(350转)工况,100次供油油量分别为2.0、1.2、 2.1、 2.0 2.4 、1.8ml，因第二缸供油量过低，导致第二缸",喷油泵供油量调整不当。,供应,1,0.0,2235,0里程或0天失效,1543,1499.0,44.0,0
402,2.0,3302004000372,车机,430E400427,430E,YC6108ZQ,40219.0,40218.0,40219.0,0,货,40228,20040417.0,1111,燃油喷射泵,2200,喷油泵,31522001B3,2200,430-1111010,喷油泵,,011001,北京油泵,更换总成,3.0,15,烟大,1,B3,油量过低,发动机烟大,高压油泵第四缸不出油.,高压油泵第四缸不出油.,供应,1,0.0,2239,0里程或0天失效,1548,1539.0,9.0,0
402,1.0,5942004000144,车机,B3409400057,B3409,YC6108ZQ,40111.0,40110.0,40111.0,0,货,40211,20040508.0,1111,燃油喷射泵,2200,喷油泵,4B122002B3,2200,430-1111010,喷油泵,,043006,南岳油泵,修复,4.0,B1,油量小,2,B3,油量过低,发动机不起动,"是起动供油量不足造成,调整加大供油量故障排除",油泵供油量不足,供应,1,0.0,2245,0里程或0天失效,1531,1501.0,30.0,0
402,1.0,5942004000147,车机,B3409400068,B3409,YC6108ZQ,40111.0,40110.0,40111.0,0,货,40211,20040508.0,1111,燃油喷射泵,2200,喷油泵,4B122002B3,2200,430-1111010,喷油泵,,043006,南岳油泵,修复,4.0,B1,油量小,2,B3,油量过低,发动机不起动,"是起动机供油量不足造成,调整加大供油量故障排除",油泵供油量不足,供应,1,0.0,2246,0里程或0天失效,1531,1501.0,30.0,0
402,1.0,3302004000266,车机,B3221400674,B3221,YC6108ZQ,40115.0,40114.0,40115.0,0,货,40211,20040414.0,1111,燃油喷射泵,2200,喷油泵,3732200120,2200,B3221-1111010,喷油泵,,043006,南岳油泵,更换总成,3.0,73,起动困难,1,20,卡死,发动机不能发动,"高压油泵卡死,不出油",高压油泵卡死,供应,1,0.0,2248,0里程或0天失效,1531,1505.0,26.0,0
402,1.0,5942004000127,车机,B3409400080,B3409,YC6108ZQ,40112.0,40110.0,40112.0,0,货,40211,20040508.0,1111,燃油喷射泵,2200,喷油泵,4B122002B3,2200,430-1111010,喷油泵,,043006,南岳油泵,修复,4.0,B1,油量小,2,B3,油量过低,发动机不起动,"是起动供油量不足造成,调整加大供油量故障排除",油泵供油量不足,供应,1,0.0,2249,0里程或0天失效,1531,1502.0,29.0,0
402,1.0,5942004000146,车机,B3409400054,B3409,YC6108ZQ,40111.0,40110.0,40111.0,0,货,40211,20040522.0,1111,燃油喷射泵,2200,喷油泵,4B122002B3,2200,430-1111010,喷油泵,,043006,南岳油泵,修复,4.0,B1,油量小,2,B3,油量过低,发动机不起动,"是起动机供油量不足造成,调整加大供油量故障排除",油泵供油量不足,供应,1,0.0,2250,0里程或0天失效,1531,1501.0,30.0,0
403,11.0,4832004000214,车机,B3236302061,B3236,YC6108ZQ,30901.0,30830.0,31115.0,10524,货,40320,20040515.0,1111,燃油喷射泵,2200,喷油泵,3752200102,2200,6G1-1111010A,高压油泵,,043006,南岳油泵,更换总成,3.0,75,自动熄火,1,02,断裂,发动机突然熄火,发动机高压油泵后部调速器处泵轴断裂，导致高压油泵无法供油，发动机突然熄火。,调速器处泵轴断裂,供应,1,0.0,2303,非喷油泵记录,1570,1440.0,130.0,10524
403,1.0,1262004000117,车机,B3218300229,B3218,YC6108ZQ,30122.0,30121.0,30122.0,0,货,40311,20040517.0,1111,燃油喷射泵,2200,喷油泵,3222200206,2200,B3000-1111010A,喷油泵,,043006,南岳油泵,修复,3.0,22,不上油,2,06,调整不当,发动机不能起动,"经拆检发现高压油泵油量调节机构卡死导致不供油,发动机不能起动,调校处理",高压油泵油量调节机构卡死,供应,1,0.0,2304,0里程或0天失效,1561,1147.0,414.0,0
403,2.0,3302004000580,车机,430D400065,430D,YC6108ZQ,40221.0,40220.0,40221.0,0,货,40312,20040513.0,1111,燃油喷射泵,2200,喷油泵,3732200169,2200,430D-1111010,喷油泵,,011001,北京油泵,更换总成,3.0,73,起动困难,1,69,发卡,发动机不能起动,高压油泵齿杆发卡,高压油泵齿杆发卡,供应,1,0.0,2326,0里程或0天失效,1562,1541.0,21.0,0
403,12.0,2062004000057,车机,B3280300132,B3280,YC6108ZQ,31221.0,31218.0,31221.0,0,客,40315,20040528.0,1111,燃油喷射泵,2200,喷油泵,3022200183,2200,B3000-1111010B,喷油泵,,043006,南岳油泵,修复,3.0,02,漏水,1,83,清洁度差,发动机无低速（飞车）,喷油泵加工装配时清洗不干净，造成一、六缸柱塞卡滞在高速位置，垫试后飞车。调校喷油泵修复。,一、六缸柱塞卡滞在高速位置,供应,1,0.0,2391,0里程或0天失效,1565,1476.0,89.0,0
403,2.0,3302004000515,车机,B3409400319,B3409,YC6108ZQ,40224.0,40222.0,40224.0,0,货,40304,20040512.0,1111,燃油喷射泵,2200,喷油泵,37322001B3,2200,430-1111010,喷油泵,,043006,南岳油泵,修复,3.0,73,起动困难,1,B3,油量过低,发动机不能起动,"高压油泵起动油量偏低,调整修复","高压油泵起动油量偏低,",供应,1,0.0,2414,0里程或0天失效,1554,1544.0,10.0,0
403,3.0,1262004000137,车机,B3236400424,B3236,YC6108ZQ,40320.0,40319.0,40320.0,0,货,40326,20040518.0,1111,燃油喷射泵,2200,喷油泵,3222200106,2200,B3000-1111010A,喷油泵,,043006,南岳油泵,修复,3.0,22,不上油,1,06,调整不当,加速慢,"经拆检发现发动机加速排蓝烟,油泵喷油时间过迟导致校对油泵正时处理",油泵喷油时间过迟,一发,1,0.0,2419,0里程或0天失效,1576,1570.0,6.0,0
403,1.0,1262004000120,车机,B3236400077,B3236,YC6108ZQ,40130.0,40128.0,40130.0,0,货,40312,20040517.0,3509,气制动空气,2200,喷油泵,3222200206,2200,B3000-1111010A,喷油泵,,043006,南岳油泵,修复,3.0,22,不上油,2,06,调整不当,发动机不能起动,"经拆检发现高压油泵油量调节机构卡死导致发动机不能起动,调校处理",高压油泵油量调节机构卡,供应,1,0.0,2427,0里程或0天失效,1562,1520.0,42.0,0
403,1.0,1262004000114,车机,B3236400062,B3236,YC6108ZQ,40130.0,40128.0,40130.0,0,货,40307,20040517.0,1111,燃油喷射泵,2200,喷油泵,3222200106,2200,B3000-1111010A,喷油泵,,043006,南岳油泵,修复,3.0,22,不上油,1,06,调整不当,发动机不能起动,"经拆检发现高压油泵油量调节机构卡死导致不供油,发动机不能起动,调校处理",高压油泵油量调节机构卡死,供应,1,0.0,2430,0里程或0天失效,1557,1520.0,37.0,0
403,1.0,1262004000115,车机,B3236400067,B3236,YC6108ZQ,40130.0,40128.0,40130.0,0,货,40310,20040517.0,1111,燃油喷射泵,2200,喷油泵,3222200206,2200,B3000-1111010A,喷油泵,,043006,南岳油泵,修复,3.0,22,不上油,2,06,调整不当,发动机起动困难,"经拆检高压油泵出油口与高压油管连接处有异物,堵塞导致第二,三缸不供油清洗,疏通处理",高压油泵出油口与高压油管处堵塞,用户.,1,0.0,2435,0里程或0天失效,1560,1520.0,40.0,0
403,1.0,1262004000133,车机,B3236400102,B3236,YC6108ZQ,40131.0,40128.0,40131.0,0,货,40324,20040518.0,1111,燃油喷射泵,2200,喷油泵,3222200106,2200,B3000-1111010A,喷油泵,,D32039,无锡威孚,修复,3.0,22,不上油,1,06,调整不当,发动机不能起动,"经拆检发现高压油泵油量调节机构卡死导致不供油,发动机不能起动,调校高压油泵处理",高压油泵油量调节机构卡死,供应,1,0.0,2440,0里程或0天失效,1574,1521.0,53.0,0
404,404.0,5782004000104,车机,470E105240,470E,YC6108ZQ,20728.0,10823.0,40411.0,0,货,40422,40427.0,1112,喷油器总成,2200,喷油泵,31222001B3,2200,430-1111010,喷油泵,470E-1111000?,043006,,修复,3.0,12,机无力,1,B3,油量过低,发动机无力,经检测，喷油泵出油量及压力低，引起出油量不足，导致发动机无力。调校修复。,喷油泵出油量及压力低,供应,1,0.0,2466,0里程或0天失效,1602,1591.0,11.0,0
404,2.0,5452004000006,车机,B3221306976,B3221,YC6108ZQ,31207.0,31207.0,40224.0,3900,货,40428,40430.0,1111,燃油喷射泵,2200,喷油泵,2062200102,2200,E0500-1111050B,高压油泵(南岳),B3221-1111000?,043006,南岳油泵,更换总成,2.0,06,窜油,1,02,断裂,柴油和机油混合,第一个柱塞外套固定螺栓断裂两条，造成柱塞外套脱开泵体，使柴油进入油底壳内。,属于喷油泵质量问题,供应,1,0.0,2493,非喷油泵记录,1608,1544.0,64.0,3900
404,3.0,3302004000151,车机,B3423400390,B3423,YC6108ZQ,40326.0,40325.0,40326.0,0,货,40401,40409.0,1111,燃油喷射泵,2200,喷油泵,3102200120,2200,430-1111010,喷油泵,470E-1111000?,043006,南岳油泵,更换总成,3.0,10,飞车,1,20,卡死,发动机飞车,高压油泵卡死,高压油泵卡死,供应,1,0.0,2500,0里程或0天失效,1581,1576.0,5.0,0
404,12.0,4062004000151,车机,B3420300733,B3420,YC6108ZQ,31015.0,31011.0,31203.0,0,货,40425,40429.0,1111,燃油喷射泵,2200,喷油泵,3122200182,2200,430D-1111010,喷油泵,430E-1111000?,011001,北京油泵,修复,3.0,12,机无力,1,82,油量不均,发动机无力。,高压泵供油量不均且偏低，在1300r/min工况下供油300次1至6缸分别为32、30.5、31、32、30、31ml，给予将各缸供油量调至34.5ml 。,高压泵供油量不均且偏低,供应,1,0.0,2503,0里程或0天失效,1605,1458.0,147.0,0
404,11.0,1142004000163,车机,B3221303948,B3221,YC6108ZQ,30715.0,30712.0,31110.0,0,货,40411,40411.0,1112,喷油器总成,2200,喷油泵,312200202,2200,B3221-1111000,喷油泵总成,B3221-1111000?,043006,南岳油泵,更换总成,3.0,1,,2,02,断裂,发动机喷油泵飞车,喷油泵调速器内部调速杠杆销轴断裂损坏所致,喷油泵调速器内部调速杠杆销轴断裂损坏,供应,1,0.0,2515,0里程或0天失效,1591,1435.0,156.0,0
404,3.0,1262004000101,车机,B3236400431,B3236,YC6108ZQ,40320.0,40319.0,40320.0,0,货,40417,40510.0,1111,燃油喷射泵,2200,喷油泵,3012200133,2200,3110-1111010,高压油泵,B3000-1111010A?,043006,南岳油泵,修复,3.0,01,漏油,1,33,密封不严,漏油,经拆检发现高压油泵进油管接头垫密封不严导致发动机供油不畅发动机不能起动修复处理。,高压油泵进油管接头垫密封不严。,供应,1,0.0,2555,非喷油泵记录,1597,1570.0,27.0,0
404,3.0,4362004000045,车机,B3420401057,B3420,YC6108ZQ,40228.0,40224.0,40307.0,0,货,40421,40423.0,1111,燃油喷射泵,2200,喷油泵,3012200152,2200,430-1111010,喷油泵,430E-1111000?,043006,南岳油泵,修复,3.0,01,漏油,1,52,漏油,油底壳机油增多。,径检查喷油器正常，见4、6缸柱塞套与泵体接合处内漏，拆柱塞加密封垫片处理。(包括调校油泵),4、6缸柱塞套与泵体接合处内漏柴油,供应,1,0.0,2556,0里程或0天失效,1601,1557.0,44.0,0
405,10.0,1202004000306,车机,B3226300158,B3226,YC6108ZQ,30421.0,30420.0,31029.0,30000,货,40521,20040602.0,1111,燃油喷射泵,2200,喷油泵,31222001B3,2200,E0300-1111050,高压油泵,,043006,南岳油泵,修复,3.0,12,机无力,1,B3,油量过低,"发动机无力,加速性不好.","高压油泵供油量偏低,且各缸有不均匀.调校修复处理.",高压油泵供油量偏低,服务站,1,0.0,2572,非喷油泵记录,1631,1424.0,207.0,30000
405,3.0,2442004000026,车机,430D300839,430D,YC6108ZQ,30721.0,30714.0,40329.0,0,货,40516,20040726.0,1111,燃油喷射泵,2200,喷油泵,3362200106,2200,430-1111000,喷油泵总成,,011001,北京油泵,更换总成,3.0,36,发抖,1,06,调整不当,发动机工作不稳,发动机工作不稳 抖动严重,喷油泵工作不稳,供应,1,0.0,2588,0里程或0天失效,1626,1579.0,47.0,0
405,6.0,4862004000264,车机,B3207100040,B3207,YC6108ZQ,10314.0,10310.0,10610.0,0,客,40526,20040529.0,1111,燃油喷射泵,2200,喷油泵,3012200133,2200,B3207-1111000A,喷油泵总成,,011001,,修复,3.0,01,漏油,1,33,密封不严,发动机启动困难,此机为公交公司返玉柴大修机，拆油泵去北京天纬油泵厂在杭服务站调试，主要故障为泵体O型圈漏油，导致发动机启动困难,高压油泵泵体O型圈漏油,供应,1,0.0,2615,0里程或0天失效,1636,555.0,1081.0,0
405,3.0,6082004000301,车机,B3281400028,B3281,YC6108ZQ,40330.0,40328.0,40330.0,0,客,40516,20040517.0,1111,燃油喷射泵,2200,喷油泵,4222200106,2200,B3000-1111010A,喷油泵,,043006,南岳油泵,修复,4.0,22,不上油,1,06,调整不当,发动机加不上油，黑烟大。,经检为发动机喷油时间只有6 度 给予调整至10度后正常。,喷油泵供油时间调整不当,一发,1,0.0,2629,0里程或0天失效,1626,1580.0,46.0,0
405,3.0,1562004000290,车机,B3269400026,B3269,YC6108ZQ,40326.0,40325.0,40326.0,0,客,40525,20040526.0,1111,燃油喷射泵,2200,喷油泵,3222200185,2200,B3000-1111010B,喷油泵,,043006,南岳油泵,更换总成,3.0,22,不上油,1,85,损坏,喷油泵不出油扬州办委托上门更换。,未出厂新机调试。质量缺陷。,喷油泵不出油,供应,1,0.0,2664,0里程或0天失效,1635,1576.0,59.0,0
406,12.0,1562004000323,车机,B3263300105,B3263,YC6108ZQ,31215.0,31212.0,31215.0,0,客,40622,20040623.0,1111,排气接管,2200,喷油泵,00220000,2200,B3000-1111010B,喷油泵,,043006,南岳油泵,更换总成,0.0,0,,0,0,,扬州办通知去现场安装一台机的喷油泵,该机上的喷油泵因亚星新车急修已拆用掉，由扬州办提供油泵，委托本站安装。,扬州办通知去现场安装一台机的喷油泵。,供应,1,0.0,2690,0里程或0天失效,1662,1470.0,192.0,0
406,4.0,4442004000165,车机,B3221401349,B3221,YC6108ZQ,40217.0,40215.0,40428.0,0,货,40625,20040706.0,1111,排气接管,2200,喷油泵,3012200601,2200,B3221-1111010,喷油泵,,043006,南岳油泵,更换总成,3.0,01,漏油,6,01,磨损,高压油泵漏油，且时常进空气,经查发现喷油泵壳开裂，经涂抹密封胶后仍不能解决，高压泵时常进空气，行驶中突然熄火,油泵壳开裂,供应,1,0.0,2730,0里程或0天失效,1665,1608.0,57.0,0
406,3.0,W0392004000102,车机,B32D1400129,B32D1,YC6108ZQ,40131.0,40130.0,40311.0,9800,货,40619,20040619.0,1111,排气接管,2200,喷油泵,3782200106,2200,3110-1111010,高压油泵,,043006,南岳油泵,修复,3.0,78,间隙不合,1,06,调整不当,发动机发抖,经查是高压油泵中飞锤弹簧弹力不足，造成发动机发抖，拆高压油泵做调校、修复处理。 （修复处理）,高压油泵中飞锤弹簧弹力不足,供应,1,0.0,2780,非喷油泵记录,1659,1561.0,98.0,9800
406,3.0,5122004000470,车机,B32D1400106,B32D1,YC6108ZQ,40131.0,40130.0,40329.0,0,货,40613,20040613.0,1111,排气接管,2200,喷油泵,3752200102,2200,B3000-1111010A,喷油泵,,043006,南岳油泵,更换总成,3.0,75,自动熄火,1,02,断裂,发动机自动熄火,"现场检查发现发动机高压油泵调速器飞垂螺栓断,打破壳体,无法修复,属零件缺陷,换换件三包。",调速器飞垂螺栓断,供应,1,0.0,2783,0里程或0天失效,1653,1579.0,74.0,0
407,4.0,3482004000084,车机,B3236302104,B3236,YC6108ZQ,30902.0,30830.0,40421.0,19000,货,40720,20040721.0,1111,排气接管,2200,喷油泵,31122001B3,2200,E0500-1111050B,高压油泵(南岳),,043006,南岳油泵,修复,3.0,11,工作不良,1,B3,油量过低,发动机工作不稳。,系发动机二、六缸工作不良致发动机工作不稳，检查二、六缸气门间隙及油嘴均无异常，拆卸高压油泵调试发现二、六缸供油量偏小2毫升/200,二、六缸工作不良,供应,1,0.0,2818,非喷油泵记录,1690,1601.0,89.0,19000
407,3.0,5182004000165,车机,B3269300136,B3269,YC6108ZQ,31225.0,31219.0,40322.0,0,客,40716,20040716.0,1111,排气接管,2200,喷油泵,3292200159,2200,B3000-1111010,喷油泵,,043006,南岳油泵,更换总成,3.0,29,无怠速,1,59,平衡差,"发动机起动后只有350r/min,调至正常怠",该故障前期校验油泵总成后，好转一天，故障重现。我站分析喷油泵调速器调速簧与飞锤间平衡失效，导致故障。因用户抱怨情绪较大，故建,喷油泵调速器调速簧与飞锤间平衡失效,供应,1,0.0,2824,0里程或0天失效,1686,1572.0,114.0,0
407,9.0,0022004000477,车机,B3322100044,B3322,YC6108ZQ,10728.0,10718.0,10917.0,0,客,40715,20040716.0,1111,排气接管,2200,喷油泵,31522001B4,2200,B3300-1111010A,喷油泵,,043006,,修复,3.0,15,烟大,1,B4,油量过高,发动机无力，冒烟大，有异响声。,由于喷油泵各缸供油量过大引起，在500r/min下，第二缸供油量为31.4ml/200次，其他缸为30ml/200次，在750r/min下，第二缸供油量为36.1m,喷油泵各缸供油量过大引起,特赔,1,0.0,2841,0里程或0天失效,1685,652.0,1033.0,0
407,6.0,3712004000609,车机,B3214400103,B3214,YC6108ZQ,40509.0,40507.0,40624.0,8200,客,40709,20040716.0,1111,排气接管,2200,喷油泵,31222001B3,2200,A3000-1111010,P3000油泵(带联轴器),,043006,南岳油泵,修复,3.0,12,机无力,1,B3,油量过低,发动机无力离合器发抖,经拆检，喷油泵油量过低，导致发动机无力，离合器发抖，拆检离合器压盘及片，未发现明显故障，清理后装复,喷油泵油量过低,供应,1,0.0,2850,非喷油泵记录,1679,1664.0,15.0,8200
407,7.0,3302004000972,车机,B3303300004,B3303,YC6108ZQ,30715.0,30712.0,30715.0,0,货,40701,20040709.0,1111,排气接管,2200,喷油泵,3102200102,2200,B3300-1111010A,喷油泵,,043006,南岳油泵,更换总成,3.0,10,飞车,1,02,断裂,发动机飞车，高压泵漏油,发动机飞车，高压泵飞锤打烂调速器外壳,高压泵飞锤打烂调速器外壳,供应,1,0.0,2911,0里程或0天失效,1671,1320.0,351.0,0
408,5.0,4862004000495,车机,B3207100044,B3207,YC6108ZQ,10314.0,10310.0,10501.0,0,客,40823,20040824.0,1111,燃油喷射泵,2200,喷油泵,3732200133,2200,B3000-1111010A,喷油泵,B3000-1111010A?,011001,,相关处理,3.0,73,起动困难,1,33,密封不严,每天早上发动机启动困难,该机为返玉柴大修机，装机使用后出现每天早上发动机启动困难，判断可能是回油阀密封不严或压力不足造成该故障，杭办同意为用户免费更换回油阀，,回油阀密封不严压力不足,不考核,1,0.0,2954,0里程或0天失效,1723,516.0,1207.0,0
408,4.0,1562004000368,车机,B3007400104,B3007,YC6108ZQ,40408.0,40407.0,40408.0,0,客,40805,20040805.0,1111,燃油喷射泵,2200,喷油泵,3012200185,2200,B3000-1111010B,喷油泵,B3007-1111000?,043006,南岳油泵,更换总成,3.0,01,漏油,1,85,损坏,喷油泵漏油。扬州办委托.,喷油泵泵轴油封漏油.,喷油泵泵轴油封损坏漏油.,供应,1,0.0,3017,0里程或0天失效,1705,1588.0,117.0,0
408,8.0,W1392004000029,车机,B3317400046,B3317,YC6108ZQ,40803.0,40729.0,40803.0,0,货,40811,20040812.0,1111,燃油喷射泵,2200,喷油泵,3732200106,2200,G4600-1111050,喷油泵,B3300-1111010A?,D32039,无锡威孚,修复,3.0,73,起动困难,1,06,调整不当,发动机不能启动(售前服务),"启动供油量不够,调整燃油泵,气门间隙.","启动供油量不够,调整燃油泵,气门间隙.",供应,1,0.0,3051,0里程或0天失效,1711,1703.0,8.0,0
408,8.0,0282004000974,车机,B3281400199,B3281,YC6108ZQ,40816.0,40811.0,40816.0,0,客,40831,20040901.0,1111,燃油喷射泵,2200,喷油泵,30922001A5,2200,B3000-1111010B,喷油泵,B3000-1111010A?,043006,南岳油泵,更换总成,3.0,09,游车,1,A5,游车,发动机低速游车。,经检查该机由于喷油泵质量问题导致低速游车，发动机工作性能下降。,经检查该机由于喷油泵质量问题导致低速游车，,供应,1,0.0,3058,0里程或0天失效,1731,1716.0,15.0,0
408,7.0,6082004000562,车机,B3281400148,B3281,YC6108ZQ,40731.0,40726.0,40731.0,0,客,40818,20040818.0,1111,燃油喷射泵,2200,喷油泵,3732200169,2200,B3000-1111010B,喷油泵,B3000-1111010A?,043006,南岳油泵,更换总成,3.0,73,起动困难,1,69,发卡,发动机不能起动。,经检为喷油泵内部齿条发卡所至,喷油泵内部齿条发卡,供应,1,0.0,3061,0里程或0天失效,1718,1701.0,17.0,0
408,12.0,0172004000338,车机,B3280300113,B3280,YC6108ZQ,31216.0,31208.0,31216.0,120,客,40805,20040817.0,1111,燃油喷射泵,2200,喷油泵,4012200133,2200,3110-1111010,高压油泵,B3280-1111000?,043006,南岳油泵,修复,4.0,01,漏油,1,33,密封不严,油泵漏油。,高压油泵调速器壳内垫冲导致漏油。,高压油泵调速器壳内垫冲导致漏油。,供应,1,0.0,3073,非喷油泵记录,1705,1471.0,234.0,120
408,11.0,3962004000056,车机,B3221302134,B3221,YC6108ZQ,30413.0,30411.0,31126.0,50000,货,40804,20040804.0,1111,燃油喷射泵,2200,喷油泵,3122200206,2200,3110-1111010,高压油泵,B3221-1111000?,043006,南岳油泵,修复,3.0,12,机无力,2,06,调整不当,发动机无力，燃油消耗高。,高压油泵扭矩油量偏低，各缸供油量偏差大，系调整不当所致。扭矩油量校前10、11、10.5、11、10.7、10.6、校后12、12、12、12、12、12、（该泵为2,高压油泵调整不当,不考核,1,0.0,3090,非喷油泵记录,1704,1451.0,253.0,50000
409,3.0,5112004000302,车机,B3420400730,B3420,YC6108ZQ,40217.0,40215.0,40301.0,0,货,40916,20040916.0,1111,燃油喷射泵,2200,喷油泵,3092200101,2200,430-1111010,喷油泵,430D-1111010?,043006,南岳油泵,更换总成,3.0,09,游车,1,01,磨损,"发动机中速游车,怠速不稳","经拆检发现该车的高压油泵调速器飞锤在连接螺栓孔处磨损,引起调速器工作不良,导致故障.",压油泵调速器飞锤在连接螺栓孔处磨损,供应,1,0.0,3268,0里程或0天失效,1746,1551.0,195.0,0
410,3.0,0700410007,车机,B3221400642,B3221,YC6108ZQ,40115.0,40112.0,40326.0,0,,41008,20041008.0,1111,燃油喷射泵,2200,喷油泵,3752200102,2200,430-1111010,喷油泵,B3221-1111000?,043006,南岳油泵,更换总成,3.0,75,自动熄火,1,02,断裂,发动机异响突然停机,经现场检查，发现高压泵调速器因飞锤紧固螺丝断。造成飞锤及调速器后盖严重损坏。,高压泵调速器因飞锤紧固螺丝断,供应,1,0.0,3338,0里程或0天失效,1768,1576.0,192.0,0
411,10.0,4790411053,车机,B3420403416,B3420,YC6108ZQ,41015.0,40825.0,41015.0,0,,41119,20041119.0,1111,燃油喷射泵,2200,喷油泵,3112200192,2200,430D-1111010,喷油泵,,011001,北京油泵,修复,3.0,11,工作不良,1,92,雾化不良,喷油量不衡,由于高压油泵各缸供油量相差过大，导致发动机加速不良第一缸油量24毫升，第二缸22毫升、第三缸22毫升、第四缸25毫升、第五缸26毫,油泵供油量不均,供应,1,0.0,3406,0里程或0天失效,1809,1775.0,34.0,0
411,10.0,0340411001,车机,B3236400202,B3236,YC6108ZQ,40206.0,40202.0,41021.0,0,,41103,20041105.0,1111,燃油喷射泵,2200,喷油泵,3732200169,2200,B3000-1111010A,喷油泵,,043006,南岳油泵,修复,3.0,73,起动困难,1,69,发卡,发动机启动困难,发动机熄火后，启动困难，广元服务站已经处理两次，故障仍然未能排除，我站检查：低压柴油路正常，喷油泵熄火装置发卡，不回位，,熄火装置发卡，不回位。,供应,1,0.0,3428,0里程或0天失效,1793,1781.0,12.0,0
412,12.0,1260412008,车机,B3221407421,B3221,YC6108ZQ,41210.0,40815.0,41210.0,25,,41221,,1111,燃油喷射泵,2200,喷油泵,3732200169,2200,E0400-1111050B,高压油泵,B3221-1111000?,011001,北京油泵,修复,3.0,73,起动困难,1,69,发卡,发动机打不着火。,检查发现：发动机高压油泵齿条发卡不回位导致发动机打不着火，修复处理。,高压油泵齿条发卡不回位,供应,1,0.0,3608,非喷油泵记录,1841,1830.0,11.0,25
501,12.0,17005010043,车机,B3426400018,B3426,YC6108ZQ,40203.0,40130.0,41222.0,0,,50121,20050122.0,1111,燃油喷射泵,2200,喷油泵,3112200106,2200,430-1111010,喷油泵,470E-1111000?,043006,南岳油泵,修复,3.0,11,工作不良,1,06,调整不当,发动机运转不平稳，爆振。,发动机高压油泵三缸供油量调整不当，过大。标准为：18ML/200次/800转，实际为：21ML/200次/200转。拆下高压油泵重新调整后，故障排除。,高压油泵三缸供油量调整不当过大,供应,1,0.0,3779,0里程或0天失效,1876,1842.0,34.0,0
502,1.0,35905020002,车机,475400041,475,YC6108ZQ,50110.0,40815.0,50110.0,0,,50202,20050204.0,1111,燃油喷射泵,2200,喷油泵,3012200185,2200,430-1111010,喷油泵,475-1111000?,043006,南岳油泵,更换总成,3.0,01,漏油,1,85,损坏,喷油泵提前器漏油,由于提前器油封损坏，造成提前器漏油。,提前器油封损坏,供应,1,0.0,3793,0里程或0天失效,1887,1865.0,22.0,0
502,1.0,35905020003,车机,475400027,475,YC6108ZQ,50110.0,40815.0,50110.0,0,,50202,20050204.0,1111,燃油喷射泵,2200,喷油泵,3012200185,2200,430-1111010,喷油泵,475-1111000?,043006,南岳油泵,更换总成,3.0,01,漏油,1,85,损坏,喷油泵体前器漏油,由于喷油泵体前器油封损坏，造成体前器漏油。,喷油泵体前器油封损坏,供应,1,0.0,3803,0里程或0天失效,1887,1865.0,22.0,0
502,1.0,17005020010,车机,B3413400246,B3413,YC6108ZQ,50113.0,40815.0,50113.0,0,,50213,20050218.0,1111,燃油喷射泵,2200,喷油泵,3012200185,2200,430-1111010,喷油泵,470E-1111000?,043006,南岳油泵,更换总成,3.0,01,漏油,1,85,损坏,发动机高压油泵漏油。,发动机高压油泵提前器内部密封圈损坏，密封不严，导致发动机高压油泵部位漏油严重。,高压油泵提前器内部密封圈损坏,供应,1,0.0,3823,0里程或0天失效,1898,1868.0,30.0,0
503,3.0,W10305030001,车机,B32D1500249,B32D1,YC6108ZQ,50218.0,50216.0,50307.0,814,,50307,20050307.0,1111,燃油喷射泵,2200,喷油泵,3102200169,2200,B3000-1111010A,喷油泵,480-1111000?,043006,南岳油泵,修复,3.0,10,飞车,1,69,发卡,发动机飞车,经查，喷油泵第三缸柱塞发卡，因齿条不灵活引起，造成发动机飞车不好起动。,喷油泵第三缸柱塞发卡,供应,1,0.0,3874,0里程或0天失效,1922,1922.0,0.0,814
503,3.0,60305030009,车机,B4503400559,B4503,YC6108ZQ,50202.0,40815.0,50312.0,0,,50303,20050315.0,1111,燃油喷射泵,2200,喷油泵,3112200158,2200,B4500-1111010B,喷油泵,B4503-1111000?,D32039,无锡威孚,更换总成,3.0,11,工作不良,1,58,失灵,发动机缺缸，一、三缸不工作,第一、三两个缸无高压油喷出，因用户急需提车，无时间调校，故更换总成,一、三两个缸无高压油喷出,供应,1,0.0,3926,0里程或0天失效,1918,1927.0,356.0,0
503,3.0,W15805030030,车机,B3420403829,B3420,YC6108ZQ,41227.0,40815.0,50320.0,0,,50324,20050324.0,1111,燃油喷射泵,2200,喷油泵,3112200169,2200,430D-1111010,喷油泵,430E-1111000B?,011001,北京油泵,更换总成,3.0,11,工作不良,1,69,发卡,发动机起动后出现自动加油现象,经现场检查发现，由于喷油泵调速器内卡滞，造成发动机失控，属喷油泵质量问题所致。,喷油泵调速器内卡滞，造成发动机失控。,供应,1,0.0,3988,0里程或0天失效,1939,1935.0,4.0,0
504,2.0,51805040029,车机,B3418400071,B3418,YC6108ZQ,40406.0,40402.0,50203.0,0,汽车,50428,20050430.0,2200,,2200,喷油泵,3012200133,2200,430-1111010,喷油泵,470E-1111000,043006,南岳油泵,修复,3.0,01,漏油,1,33,密封不严,喷油泵漏机油,经检查，系喷油泵侧盖边缘处漏油，属侧盖处密封不严，而导致漏油。修复，排除故障。,喷油泵侧盖边缘处漏油,供应,1,0.0,4084,0里程或0天失效,1973,1888.0,85.0,0
505,4.0,37105050007,车机,475400225,475,YC6108ZQ,50315.0,40815.0,50415.0,0,,50505,20050511.0,2200,喷油泵总成,2200,喷油泵,3012200133,2200,430-1111010,喷油泵,475-1111000,043006,南岳油泵,换件,3.0,01,漏油,1,33,密封不严,喷油泵漏油。,经检查，喷油泵停油操纵机构油封密封不严，导致漏油。属质量问题。,,供应,1,0.0,4271,0里程或0天失效,1980,1960.0,20.0,0
506,6.0,44805060017,车机,B3310200012,B3310,YC6108ZQ,20905.0,20903.0,50609.0,0,,50611,20050613.0,2200,喷油泵总成,2200,喷油泵,3222200520,2200,B3300-1111010,喷油泵,B3310-1111000,043006,,修复,3.0,22,不上油,5,20,卡死,新机装机后，不能启动，喷油泵不出油,发动机停放时间长，油泵柱塞锈蚀，卡死，导致不出油，拆下油泵，回泰州校油泵，装复后故障排除,发动机停放时间长，油泵柱塞锈蚀，卡死,不考核,1,0.0,4393,0里程或0天失效,2016,2014.0,2.0,0
506,5.0,58405060052,车机,B3213400030,B3213,YC6108ZQ,50514.0,10101.0,50514.0,0,,50619,20050620.0,2200,喷油泵总成,2200,喷油泵,3152200158,2200,B3000-1111010B,喷油泵,B3213-1111000,D32039,无锡威孚,更换总成,3.0,15,烟大,1,58,失灵,发动机烟大。,该机为巴士公司新购买的半价备品机，在装机试车时着车后冒黑烟，经拆检调速器原因，介于该机问题太多，更换喷油泵修复。,调速器失灵。,供应,1,0.0,4435,0里程或0天失效,2024,1989.0,35.0,0
507,7.0,24205070131,车机,B4503400701,B4503,YC6108ZQ,50420.0,40815.0,50730.0,700,,50730,20050731.0,2213,柱塞偶件.11-418,2200,喷油泵,3112200120,2200,B4500-1111010B,喷油泵,B4503-1111000,D32039,无锡威孚,更换总成,3.0,11,工作不良,1,20,卡死,发动机动力不足，工作不良,检查发现发动机高压油泵一缸油泵柱塞卡死，不喷油，导致发动机动力不足，用户拒绝接车，换总成修复处理,发动机高压油泵一缸油泵柱塞卡死,供应,1,0.0,4551,0里程或0天失效,2065,2065.0,0.0,700
510,6.0,W12605100006,车机,B4503400829,B4503,YC6108ZQ,50519.0,40815.0,50603.0,0,,51019,20051019.0,2200,喷油泵总成,2200,喷油泵,3012200606,2200,B4500-1111010B,喷油泵,B4500-1111010B,D32039,无锡威孚,修复,3.0,01,漏油,6,06,调整不当,发动机漏油,检查：发现高压油泵里侧油堵螺栓松脱，属装配不紧所致。,高压油泵里侧油堵螺栓松脱,供应,1,0.0,4941,0里程或0天失效,2144,2008.0,136.0,0
511,11.0,33005110033,车机,B3423401538,B3423,YC6108ZQ,51008.0,40815.0,51121.0,800,,51121,20051122.0,2200,喷油泵总成,2200,喷油泵,3152200106,2200,430-1111010,喷油泵,430-1111010,043006,南岳油泵,修复,3.0,15,烟大,1,06,调整不当,发动机无力烟大。,因发动机点水正时过迟燃油燃烧不完全导致，发动机无力烟大，调整高压油泵正时处理。,点火正时过迟,不考核,1,0.0,5051,0里程或0天失效,2176,2176.0,0.0,800
511,5.0,36905110013,车机,B3414400475,B3414,YC6108ZQ,50510.0,40815.0,50524.0,0,,51123,20051124.0,2200,喷油泵总成,2200,喷油泵,3132200120,2200,430-1111010,喷油泵,430-1111010,043006,南岳油泵,更换总成,3.0,13,损坏,1,20,卡死,"发动机突然熄火,起动不了.","拆检因喷油泵飞锤损坏,卡死,造成发动机突然熄火,起动不了.","喷油泵飞锤损坏,卡死,",供应,1,0.0,5057,0里程或0天失效,2178,1999.0,179.0,0
601,1.0,24206010071,车机,B4503401421,B4503,YC6108ZQ,51009.0,40815.0,60115.0,700,,60115,20060116.0,2200,喷油泵总成,2200,喷油泵,3112200182,2200,B4500-1111010B,喷油泵,B4500-1111010B,D32039,无锡威孚,更换总成,3.0,11,工作不良,1,82,油量不均,发动机漏油，且动力不足,检查系发动机高压油泵调速器调节器调节机构失效，油量不均，导致发动机动力不足，且壳体之间密封垫装配时密封不严，渗油，用户购机时间短，换总成修复,发动机高压油泵调速器调节器调节机构失效,供应,1,0.0,5233,0里程或0天失效,2235,2235.0,0.0,700
601,1.0,W22406010059,车机,B3423401578,B3423,YC6108ZQ,60103.0,40815.0,60115.0,918,,60115,20060116.0,2200,喷油泵总成,2200,喷油泵,37322001B3,2200,430-1111010,喷油泵,430-1111010,043006,南岳油泵,修复,3.0,73,起动困难,1,B3,油量过低,起动困难、起动不着车,属于喷油泵起动油量太小约3.8造成起动发动机时供油不足造成，调整起动油量约14时正常。,属于喷油泵起动油量太小约3.8造成起动发动机,供应,1,0.0,5247,0里程或0天失效,2235,2235.0,0.0,918
603,3.0,53506030003,车机,430D400257,430D,YC6108ZQ,50316.0,40815.0,50316.0,0,,60315,20060316.0,2200,喷油泵总成,2200,喷油泵,3732200120,2200,430D-1111010,喷油泵,430D-1111000,011001,北京油泵,更换总成,3.0,73,起动困难,1,20,卡死,发动机熄火后，无法再起动。,经现场检查，该机喷油泵第五缸柱塞卡死损坏，导致六个柱塞控制套不回位，并停在断油位置，调整无效，更换高压喷油泵总成后，故障排除。,喷油泵第五缸柱塞卡死损坏，,供应,1,1.0,5336,0里程或0天失效,2295,1931.0,364.0,0
603,3.0,27406030010,车机,430E404309,430E,YC6108ZQ,60223.0,40815.0,60314.0,339,,60314,20060314.0,2200,喷油泵总成,2200,喷油泵,3732200169,2200,430D-1111010,喷油泵,430D-1111010,011001,北京油泵,修复,3.0,73,起动困难,1,69,发卡,发动机无法启动。,拆检：喷油泵齿条发卡，致发动机无法起动。拆卸高压油泵调整修复。,喷油泵齿条发卡,供应,1,1.0,5343,0里程或0天失效,2294,2294.0,0.0,339
603,3.0,13306030001,车机,B3409401497,B3409,YC6108ZQ,60220.0,40815.0,60307.0,68,,60307,20060307.0,2200,喷油泵总成,2200,喷油泵,3732200120,2200,430-1111010,喷油泵,430-1111010,043006,南岳油泵,修复,3.0,73,起动困难,1,20,卡死,发动机无法起动,高压油泵三缸柱塞卡死，致使柱塞不泵油造成发动机无法起动。重新拆装清洗调校修复。,柱塞卡死,供应,1,1.0,5351,0里程或0天失效,2287,2287.0,0.0,68
604,4.0,60706040052,车机,B4503401948,B4503,YC6108ZQ,60409.0,40815.0,60422.0,150,,60422,20060422.0,2400,输油泵,2200,喷油泵,4122200169,2200,B4500-1111010B,喷油泵,B4500-1111010B,032017,无锡威孚高科技股份有限公司,修复,4.0,12,机无力,1,69,发卡,发动机供油不足,经检查输油泵内部有发卡现象，导致发动机供油不足，检修后故障排除,高压油泵的输油泵内部有发卡现象,供应,1,1.0,5378,0里程或0天失效,2332,2332.0,0.0,150
